lat,lon,crackCount
6.9340391,79.850372,64
6.9292373,79.865796,48
6.9374165,79.8790233,2
6.9610592,79.8944725,10
6.9755695,79.899258,2
6.9877406,79.9004906,66
7.0004396,79.9068341,2
7.0165896,79.918322,28
7.0299493,79.921428,2
7.0472812,79.9311044,32
7.0656313,79.9453578,38
7.0684316,79.96067805000001,2
7.0747267,79.9739,26
7.0926162999999995,79.99274860923819,2
7.1070543,80.0104022,34
7.1224062,80.0204927,2
7.1528888,80.0584325,58
7.1854854,80.0743794,38
7.1982159,80.0897136,2
7.21302,80.1051152,56
7.2309324,80.1184778,2
7.2567498,80.1532119,44
7.2933377,80.2387243,42
7.3217113,80.3431512,26
7.3186651,80.3641584,2
7.3210536,80.3903192,60
7.3180139,80.4334234,2
7.2887,80.469259,2
7.2577947,80.5208308,2
7.25723245,80.59009599180636,2
7.2335885,80.5950939,32
7.1621488,80.56703405014642,2
7.0575474499999995,80.53507533708432,2
7.01824515,80.54573515493539,2
6.9620154,80.5262607,2
6.893154,80.5979204,2
6.9275168,80.6081733,2
6.940092,80.6610284,2
6.9688444,80.6529761,2
6.9448004,80.716728,2
6.9198221,80.7536319,2
6.8773347,80.8143421,2
6.8558983,80.8306671,2
6.817752,80.8436555,2
6.76830115,80.95757280013757,2
6.8289592,80.9876495,2
6.8298161,81.0059772,2
6.9028736,81.0629186,2
6.930429,81.0446442,2
6.9798955,81.05967748819069,2
7.2897057,80.6325461,32
7.3304389,80.6331868,36
7.3506962,80.6824572,32
7.42025845,80.63423197480779,2
7.467978,80.6249611,22
7.0380791,79.9121475,2
7.04929,79.9015367,34
7.077798400000001,79.8921473,32
7.0929503,79.8909487,2
7.103881,79.889804,46
7.1290592,79.8825145,28
7.1472048,79.8781914,2
7.1674441,79.8718829,2
7.1910954,79.862167,2
7.21020605,79.84183638154965,14
7.2399344,79.8475421,2
7.26426015,79.85714845000001,44
7.346837949999999,79.86302325674407,22
7.41436065,79.8662252,28
7.4391784,79.8591429,2
7.4619937,79.8531594,24
7.475414949999999,79.84504419376518,2
7.496862699999999,79.8413861,58
7.532751,79.8228083,2
7.5614974,79.805341,22
7.5755476,79.7910764,2
7.6005521,79.8273142,56
7.6272658,79.828545,2
7.9020671,79.8204737,44
7.9816689499999995,79.83281210338856,26
8.0226824,79.83784261593797,32
8.035971,79.8398157,2
8.2280938,79.8675089,2
7.3646656,80.3024553,34
7.4499947,80.3586472,2
7.47704785,80.37424803370916,22
7.5597285,80.3661713,2
7.6550423,80.3488215,2
7.7535513,80.3146991,2
7.7813253,80.2977595,2
7.848542,80.2593862,2
8.0021668,80.2714997,2
8.085871099999999,80.27770955,2
8.1543728,80.3038123,2
8.231766,80.34833917729785,2
8.2988179,80.37699072352228,2
8.34623435,80.41108407482137,2
8.359397399999999,80.41860269132093,2
8.3899089,80.4222674,2
8.4453686,80.43152814999999,2
8.5545118,80.458087,2
8.753866,80.4936629,2
8.3585608,80.5017073293694,2
6.9113228,79.8481929,14
6.8939813,79.8529747,2
6.8512255,79.8642512,2
6.8151872,79.8668707,2
6.7988303,79.8727054,16
6.786652,79.8755526,2
6.7743504,79.8817806,10
6.712481349999999,79.90457251163255,2
6.6632114,79.9285614,2
6.5601827,79.9659991,2
6.5048756,79.9814195,66
6.4768931,79.9836883,2
6.4578453,79.9907635,38
6.4323352,80.0002675,2
6.4221857,79.9966032,40
6.3874272,80.0087108,2
6.3385525,80.0294246,2
6.3293476,80.0336688,26
6.2663183,80.046979,38
6.250272,80.0529491,2
6.2353754,80.0549325,52
6.2122502,80.0613096,2
6.1921065,80.0648773,68
6.1691433,80.0889326,24
6.1587486,80.0948251,2
6.1420637,80.1001719,40
6.1223772,80.1144287,2
6.1123699,80.124281,38
6.0982524,80.1329228,2
6.0933353,80.1400164,26
6.0738123,80.1610723,2
6.0608932,80.1792993,24
6.0536664,80.19100174653434,2
6.0538956,80.2047937,28
6.03472495,80.21417817410725,2
6.0327634,80.2402032,38
6.0220278,80.2491475,2
5.9939792,80.30837832991804,2
5.985952299999999,80.33163470499483,34
5.9825774,80.34042395594136,2
5.973229099999999,80.36392056020001,44
5.965211,80.3915605,2
5.9636147,80.4097062,24
5.9756587,80.4294529,2
5.9645666,80.457268,24
5.9567029,80.4735043,2
5.9434064,80.49579621615075,46
5.9454027499999995,80.51419102773141,2
6.9328625,79.8539258,64
6.9329149,79.8537649,64
6.9329674,79.8536035,64
6.9330217,79.8534425,64
6.9331894,79.8528068,64
6.9332813,79.8522498,64
6.9328999,79.8539373,64
6.9329741,79.8537132,64
6.9330679,79.853414,64
6.933133,79.8532126,64
6.933263,79.8528372,64
6.9333839,79.8523442,64
6.9335877,79.8501653,64
6.9336868,79.8488299,64
6.9336931,79.8486129,64
6.9336834,79.8481654,64
6.9336109,79.8476805,64
6.9335595,79.8473673,64
6.9334975,79.8471627,64
6.933377,79.8469254,64
6.9332347,79.8467343,64
6.9330709,79.8465599,64
6.9329066,79.8464211,64
6.9325907,79.8462399,64
6.9321856,79.8460932,64
6.932455,79.8555154,48
6.9323698,79.8557514,48
6.9322114,79.8561148,48
6.9321155,79.8562838,48
6.9319504,79.8565131,48
6.9312827,79.8572899,48
6.931006,79.8575067,48
6.9305276,79.8577359,48
6.9299793,79.8581023,48
6.929486,79.8585876,48
6.9291296,79.8590504,48
6.9337213,79.8748225,48
6.9333459,79.8743526,48
6.9326449,79.8733726,48
6.9320563,79.8724466,48
6.9318739,79.8720902,48
6.9308887,79.8697401,48
6.9307454,79.8693035,48
6.9325407,79.854733,48
6.9324146,79.8549854,48
6.9322229,79.8552644,48
6.9319856,79.8555228,48
6.9317072,79.8557645,48
6.9314435,79.8559525,48
6.9307357,79.856274,48
6.9449702,79.885412,2
6.9439408,79.884816,2
6.928514,79.8862834,2
6.9285751,79.8860744,2
6.9288243,79.8855339,2
6.9291214,79.885043,2
6.9292324,79.8849274,2
6.9295575,79.8845889,2
6.9298525,79.8843738,2
6.9301128,79.8842067,2
6.9307736,79.8838945,2
6.9313327,79.883647,2
6.931769,79.8834683,2
6.9321829,79.8834066,2
6.9326043,79.8834422,2
6.9330203,79.8834773,2
6.9334699,79.8836524,2
6.9338711,79.8838428,2
6.9342428,79.8840938,2
6.9346538,79.8845879,2
6.9348329,79.8848522,2
6.9356881,79.8863169,2
6.9360177,79.8867385,2
6.936303,79.8869611,2
6.9366092,79.8870964,2
6.9534357,79.8897901,10
6.9531712,79.8898316,10
6.9528169,79.8898522,10
6.9525104,79.889814,10
6.9520929,79.8896982,10
6.9514986,79.8894313,10
6.9558735,79.8895496,10
6.9555813,79.8895559,10
6.9553624,79.88957,10
6.9534357,79.8897901,10
6.9558776,79.8894791,10
6.9562025,79.889524,10
6.9565095,79.8895933,10
6.9568388,79.889707,10
6.9571713,79.8898986,10
6.9575293,79.89016,10
6.9580116,79.8906127,10
6.9583314,79.8910564,10
6.9586596,79.8915659,10
6.959239,79.8923065,10
6.9596661,79.8927772,10
6.960141,79.8933238,10
6.9611077,79.8943892,10
6.9613085,79.8946096,10
6.9615044,79.8948212,10
6.9641261,79.897097,2
6.9644809,79.8972034,2
6.9648105,79.8972814,2
6.9651625,79.8973582,2
6.9652783,79.8973813,2
6.9688488,79.8980343,2
6.9698344,79.8981982,2
6.9727501,79.8987701,2
6.9751981,79.899207,2
6.9755695,79.899258,2
6.9797257,79.9000361,2
6.9800468,79.9000539,2
6.9803557,79.9000515,2
6.9806488,79.9000384,2
6.9809632,79.899991,2
6.9814485,79.8999275,2
6.9831846,79.8995684,2
6.9841558,79.8994825,2
6.9846511,79.8994793,2
6.9850269,79.8995169,2
6.9862769,79.8997893,2
6.9868029,79.8999717,2
6.9871329,79.9001348,2
6.9641377,79.897052,2
6.9644682,79.8971657,2
6.9797257,79.9000361,66
6.9800468,79.9000539,66
6.9803557,79.9000515,66
6.9806488,79.9000384,66
6.9809632,79.899991,66
6.9814485,79.8999275,66
6.9831846,79.8995684,66
6.9841558,79.8994825,66
6.9846511,79.8994793,66
6.9850269,79.8995169,66
6.9862769,79.8997893,66
6.9868029,79.8999717,66
6.9871329,79.9001348,66
6.9877918,79.9004604,66
6.9879405,79.9005339,66
6.988125,79.9006576,66
6.9883382,79.9008004,66
6.9891191,79.9014358,66
6.9915022,79.9036287,66
6.9941341,79.9060936,66
6.9946048,79.9064794,66
6.9949198,79.9066698,66
6.9951783,79.9068195,66
6.9954061,79.9069308,66
6.99565,79.9070339,66
6.9915022,79.9036287,2
6.9941341,79.9060936,2
6.9946048,79.9064794,2
6.9949198,79.9066698,2
6.9951783,79.9068195,2
6.9954061,79.9069308,2
6.99565,79.9070339,2
6.996146,79.9071914,2
6.9964878,79.907283,2
6.9970072,79.9073138,2
6.9977265,79.9072934,2
6.9995798,79.9069962,2
7.0006746,79.9068825,2
7.0009241,79.9068488,2
7.0011353,79.9068374,2
7.0014539,79.9068294,2
7.0018199,79.9068421,2
7.002084,79.9068722,2
7.0025121,79.9069632,2
7.0028409,79.9070634,2
7.0031607,79.9071751,2
7.0034933,79.9073319,2
7.0038127,79.9075275,2
7.0041104,79.907745,2
7.0046391,79.908203,2
7.0273201,79.9215838,28
7.0071683,79.9129,28
7.0079094,79.9137325,28
7.0082878,79.9140887,28
7.0087206,79.9144449,28
7.00915,79.9147375,28
7.0096203,79.9150208,28
7.0162229,79.9181077,28
7.0205845,79.9201077,28
7.0216159,79.9206073,28
7.0220462,79.9207932,28
7.0226879,79.9210511,28
7.0231493,79.9211881,28
7.0236016,79.9213059,28
7.0240681,79.9214189,28
7.0245844,79.9214981,28
7.0251571,79.921559,28
7.0260804,79.9216401,28
7.0264187,79.9216691,28
7.0268622,79.921674,28
7.0273245,79.9216399,28
7.0067231,79.9120692,28
7.0069251,79.9124109,28
7.0072954,79.9129562,28
7.0075569,79.9132458,28
7.0388689,79.9282937,2
7.0384907,79.9277406,2
7.0383101,79.927266,2
7.0381193,79.926451,2
7.0380751,79.9259984,2
7.0379566,79.9243194,2
7.0378917,79.9239652,2
7.0378023,79.923593,2
7.0376129,79.9231242,2
7.0373157,79.9225877,2
7.0369334,79.9221169,2
7.0364665,79.9217113,2
7.0358712,79.92136,2
7.035263,79.9211243,2
7.0348548,79.9210472,2
7.0345077,79.9210213,2
7.03414,79.9210189,2
7.0325951,79.9211669,2
7.0323706,79.9211806,2
7.0314147,79.9212693,2
7.0306467,79.9213368,2
7.0283263,79.9215396,2
7.0281931,79.9215513,2
7.0378406,79.9129511,2
7.0374735,79.9134836,2
7.0551191,79.9371275,32
7.0542822,79.9364885,32
7.0505974,79.9335612,32
7.0481047,79.9316273,32
7.0472812,79.9311044,32
7.046604,79.9307131,32
7.0461573,79.9305098,32
7.0450902,79.9300812,32
7.0443537,79.9298748,32
7.0430114,79.9296332,32
7.0423929,79.9295921,32
7.0411215,79.9294818,32
7.0406142,79.9293922,32
7.0401533,79.9292178,32
7.0396486,79.9289396,32
7.0392821,79.9287062,32
7.0388689,79.9282937,32
7.0384907,79.9277406,32
7.0383101,79.927266,32
7.0381193,79.926451,32
7.0380751,79.9259984,32
7.0379566,79.9243194,32
7.0379191,79.924319,32
7.0380436,79.9260059,32
7.0380807,79.9264595,32
7.0684109,79.9567447,38
7.0682057,79.9563822,38
7.0678891,79.955929,38
7.0675785,79.955469,38
7.0672375,79.9547993,38
7.0671126,79.9544354,38
7.067047,79.9541025,38
7.0669966,79.9536824,38
7.0670002,79.9532263,38
7.0670266,79.9529343,38
7.0670905,79.9526139,38
7.0673949,79.9516994,38
7.0677929,79.9506603,38
7.0680108,79.9499808,38
7.0680909,79.949615,38
7.0681027,79.9492728,38
7.0681168,79.9488448,38
7.0680669,79.9484393,38
7.0679836,79.9480863,38
7.0678706,79.9477666,38
7.0677606,79.9475315,38
7.0676677,79.9473427,38
7.0674457,79.9469916,38
7.067199,79.9466708,38
7.0669054,79.9463962,38
7.0678194,79.9679435,2
7.06762,79.9672916,2
7.0675416,79.9668811,2
7.0675466,79.9664293,2
7.0676212,79.9657745,2
7.0683911,79.9613695,2
7.0685069,79.96072,2
7.0687955,79.9590459,2
7.0688281,79.9587934,2
7.068833,79.9585732,2
7.0688196,79.9583555,2
7.0687956,79.9579671,2
7.0687866,79.9578963,2
7.0687176,79.9575729,2
7.0686497,79.9573047,2
7.0686036,79.9571631,2
7.068549,79.9570258,2
7.0684109,79.9567447,2
7.0682057,79.9563822,2
7.0678891,79.955929,2
7.0675785,79.955469,2
7.0672375,79.9547993,2
7.0671126,79.9544354,2
7.067047,79.9541025,2
7.0669966,79.9536824,2
7.0678194,79.9679435,26
7.06762,79.9672916,26
7.0675416,79.9668811,26
7.0675466,79.9664293,26
7.0676212,79.9657745,26
7.0795577,79.9832289,26
7.0793681,79.9830061,26
7.0787931,79.9821371,26
7.0783566,79.9812895,26
7.0761527,79.9756783,26
7.0755138,79.9746591,26
7.0751763,79.974243,26
7.0679138,79.9681327,26
7.0678194,79.9679435,26
7.0751035,79.9741446,26
7.0750375,79.9740726,26
7.0747579,79.9738051,26
7.0743543,79.9734138,26
7.0739061,79.9730927,26
7.0711707,79.9710474,26
7.0751763,79.974243,26
7.0751035,79.9741446,26
7.0800057,79.9837541,26
7.0795957,79.9832757,26
7.0795957,79.9832757,26
7.083433,79.9862224,2
7.083173,79.9860505,2
7.1008807,80.000725,2
7.1006847,80.000421,2
7.1005489,80.0002198,2
7.1003249,79.9999129,2
7.0997382,79.9991801,2
7.0997684,79.999153,2
7.100457,80.000012,2
7.1006592,80.0003016,2
7.0912243,79.9918807,2
7.0913088,79.9919364,2
7.0914603,79.992044,2
7.0915936,79.9921328,2
7.0917388,79.9922215,2
7.0919254,79.9923448,2
7.0922187,79.9925595,2
7.0923973,79.9926903,2
7.092707,79.992904,2
7.0941934,79.993947,2
7.0946005,79.9943228,2
7.0944943,79.994223,2
7.094216,79.993968,2
7.0941934,79.993947,2
7.094075,79.9938373,2
7.1062822,80.0097896,34
7.1058739,80.0094501,34
7.1058739,80.0094501,34
7.1058693,80.0094458,34
7.1050845,80.0087101,34
7.1048248,80.0084053,34
7.1044647,80.0079826,34
7.1042744,80.0077239,34
7.1041336,80.0075097,34
7.103913,80.0071701,34
7.1037757,80.0069346,34
7.1036646,80.0067216,34
7.1035087,80.0064026,34
7.1034002,80.0061509,34
7.1033615,80.0060582,34
7.1032578,80.0058094,34
7.1029902,80.005183,34
7.1028004,80.0047318,34
7.1026118,80.0042316,34
7.1024409,80.0038525,34
7.1023217,80.0035664,34
7.1020598,80.0029318,34
7.1018453,80.0024302,34
7.101386,80.0015565,34
7.1012459,80.0012985,34
7.1284752,80.0245164,2
7.1293272,80.0252085,2
7.1301083,80.025916,2
7.1308083,80.0267103,2
7.1284153,80.0246386,2
7.1279346,80.0243143,2
7.1279946,80.0241921,2
7.1284752,80.0245164,2
7.1309454,80.026967,2
7.1307553,80.0267518,2
7.1300378,80.0260049,2
7.1292261,80.0252937,2
7.1284153,80.0246386,2
7.1133648,80.0145222,2
7.1138226,80.0148226,2
7.123147,80.0208553,2
7.1239573,80.0214216,2
7.124881,80.0220554,2
7.1248441,80.0221147,2
7.1239016,80.0214467,2
7.1231287,80.0208986,2
7.1249679,80.0221174,2
7.1279946,80.0241921,2
7.124881,80.0220554,2
7.1249679,80.0221174,2
7.1457793,80.0523716,58
7.1487381,80.0557336,58
7.1495754,80.0564855,58
7.1504765,80.0571363,58
7.1541564,80.0593904,58
7.1551069,80.0599473,58
7.1559694,80.0605138,58
7.1565453,80.0608599,58
7.1609022,80.0636397,58
7.161533,80.0639676,58
7.1622545,80.0642904,58
7.1541288,80.0593357,58
7.1539591,80.0595177,58
7.1529027,80.0590071,58
7.1507092,80.0573939,58
7.1508143,80.0572282,58
7.1525389,80.0582955,58
7.1526521,80.0581516,58
7.1532665,80.0585291,58
7.1531776,80.0587002,58
7.1541288,80.0593357,58
7.1628451,80.0645436,58
7.1624232,80.0643984,58
7.1621898,80.0642995,58
7.1616114,80.0640515,58
7.1770817,80.0691382,38
7.1783662,80.0695699,38
7.1796024,80.0699072,38
7.1803872,80.0700629,38
7.181055,80.0701527,38
7.1815261,80.0702324,38
7.1819786,80.0703739,38
7.1823079,80.0705046,38
7.1825085,80.0706142,38
7.1827038,80.0707427,38
7.1828914,80.0708667,38
7.183087,80.0710176,38
7.1833072,80.0712136,38
7.1834728,80.0714056,38
7.1836654,80.0716481,38
7.1837893,80.0718242,38
7.18387,80.071952,38
7.1845466,80.0730601,38
7.185214,80.0740874,38
7.1860387,80.0756301,38
7.1879089,80.079922,38
7.1880873,80.0803298,38
7.1883003,80.0807806,38
7.1885927,80.0813313,38
7.1887803,80.0816108,38
7.1893717,80.0823555,2
7.1896418,80.0826472,2
7.1903511,80.0832552,2
7.1944878,80.0866759,2
7.197737,80.0893396,2
7.19791,80.0894756,2
7.1982159,80.0897136,2
7.1991013,80.0904069,2
7.1992822,80.0905588,2
7.2017565,80.0926365,2
7.2040694,80.0945532,2
7.205366,80.0956332,2
7.2056338,80.0958686,2
7.2058941,80.0960938,2
7.2063919,80.0965824,2
7.2069287,80.0972167,2
7.2063119,80.096557,2
7.2056649,80.0959378,2
7.2046248,80.0950522,2
7.2038072,80.0943703,2
7.2030029,80.0937312,2
7.2017016,80.0926396,2
7.2006386,80.0917746,2
7.1995275,80.0908089,2
7.1983622,80.0898641,2
7.2058941,80.0960938,56
7.2063919,80.0965824,56
7.2074228,80.0977143,56
7.2111708,80.1029987,56
7.2115866,80.1035603,56
7.2118323,80.1038602,56
7.2121545,80.1042629,56
7.2127385,80.10485,56
7.21302,80.1051152,56
7.2158044,80.1073346,56
7.2137485,80.1058621,56
7.2132324,80.105418,56
7.2128749,80.1051059,56
7.2124822,80.1047126,56
7.2121019,80.1043038,56
7.2119233,80.1040782,56
7.211596,80.103662,56
7.2106142,80.1022968,56
7.2090962,80.1001146,56
7.2079835,80.0985667,56
7.2075505,80.0979577,56
7.2069287,80.0972167,56
7.2063119,80.096557,56
7.2056649,80.0959378,56
7.2196403,80.1102187,56
7.2396813,80.1248998,2
7.2401911,80.1253321,2
7.2396813,80.1248998,2
7.2387726,80.1240542,2
7.2372605,80.1226113,2
7.234731,80.1209746,2
7.2344024,80.1207642,2
7.2302835,80.1181263,2
7.2299697,80.1179164,2
7.222648,80.1124568,2
7.2597162,80.1640647,44
7.259862,80.1633563,44
7.2598392,80.1624943,44
7.2596479,80.1617504,44
7.2592875,80.1610225,44
7.2582941,80.1599096,44
7.2582342,80.15983,44
7.2573841,80.1587406,44
7.2569693,80.1579831,44
7.256395,80.156282,44
7.256254,80.155561,44
7.2562339,80.1547822,44
7.2564101,80.153936,44
7.2567498,80.1532119,44
7.2571556,80.1524837,44
7.2572056,80.152309,44
7.2573796,80.151702,44
7.2574579,80.151001,44
7.2573841,80.1502479,44
7.2572709,80.1498033,44
7.2571029,80.1493523,44
7.2566391,80.1485341,44
7.2561157,80.1476383,44
7.2561157,80.1476383,44
7.2557657,80.1470394,44
7.2985869,80.2461157,42
7.2981895,80.2452655,42
7.2966064,80.2431218,42
7.2947842,80.2406604,42
7.2938087,80.2393427,42
7.2935408,80.238991,42
7.2933377,80.2387243,42
7.2928761,80.238132,42
7.2924885,80.2376755,42
7.2903924,80.2355592,42
7.2899242,80.2350713,42
7.289477,80.2344813,42
7.289123,80.2339209,42
7.2888118,80.2333478,42
7.2877945,80.2311946,42
7.2872717,80.230431,42
7.2960943,80.2423736,42
7.2958601,80.2420565,42
7.2957281,80.2418792,42
7.2953593,80.24138,42
7.2950159,80.2409214,42
7.2947842,80.2406604,42
7.2922913,80.237429,42
7.2925121,80.2376597,42
7.2926659,80.2378383,42
7.3261357,80.3323011,26
7.3256367,80.3333285,26
7.3255352,80.3335521,26
7.3253631,80.3339743,26
7.3252187,80.3342763,26
7.3250491,80.3345296,26
7.3248835,80.3347456,26
7.3246467,80.3350058,26
7.324378,80.3352553,26
7.3241705,80.3354377,26
7.324005,80.3355697,26
7.3237608,80.3357595,26
7.3235541,80.3359391,26
7.3233422,80.3361673,26
7.3231197,80.3364354,26
7.3229627,80.336642,26
7.3227871,80.3369316,26
7.3220527,80.3383413,26
7.3218473,80.3387719,26
7.3216122,80.3394471,26
7.3214936,80.3400241,26
7.3214511,80.3405641,26
7.3214605,80.3409869,26
7.3218137,80.3451368,26
7.3218347,80.345622,26
7.3192823,80.3751423,2
7.3193803,80.3754878,2
7.317767,80.3525823,2
7.3176197,80.3530509,2
7.3175362,80.353531,2
7.3175257,80.3540102,2
7.3175675,80.354543,2
7.318547,80.3627112,2
7.318613,80.3633554,2
7.318625,80.363725,2
7.3186184,80.3641078,2
7.3185918,80.3646174,2
7.3185306,80.365237,2
7.3184376,80.3657166,2
7.3181466,80.3671494,2
7.3180677,80.3675973,2
7.3180094,80.3680013,2
7.3179697,80.3685457,2
7.3179692,80.3690457,2
7.3180065,80.3696573,2
7.3180557,80.37022,2
7.3181155,80.3707033,2
7.3182307,80.3712644,2
7.3184242,80.3719854,2
7.3192823,80.3751423,2
7.3230611,80.3965411,60
7.3231183,80.3967812,60
7.3232952,80.3973296,60
7.3234283,80.397791,60
7.3235226,80.3980381,60
7.3236747,80.3983589,60
7.3240153,80.3988853,60
7.3240722,80.3989785,60
7.3253841,80.4009546,60
7.3230611,80.3965411,60
7.3218374,80.3929523,60
7.3217655,80.3927001,60
7.3215979,80.3921744,60
7.3208078,80.3897256,60
7.3205099,80.3888565,60
7.3204008,80.3884891,60
7.3202944,80.3880894,60
7.3202545,80.3879178,60
7.32018,80.387392,60
7.3201733,80.3868583,60
7.3203378,80.3833277,60
7.3204141,80.3815529,60
7.3204141,80.3810701,60
7.3203955,80.3805846,60
7.3203582,80.380134,60
7.3265756,80.425909,2
7.3259416,80.4261221,2
7.3252237,80.4263105,2
7.3249661,80.4264566,2
7.3247844,80.4265973,2
7.3243261,80.4269716,2
7.3233868,80.4278765,2
7.3231381,80.4280431,2
7.3228162,80.4282014,2
7.3217101,80.4286492,2
7.3210734,80.429139,2
7.3205165,80.4297506,2
7.3200028,80.4303922,2
7.3197304,80.4308905,2
7.3195997,80.4312353,2
7.3195068,80.431591,2
7.3193688,80.4319552,2
7.3191278,80.4323029,2
7.3184368,80.4330424,2
7.3180139,80.4334234,2
7.3176561,80.4338262,2
7.3174157,80.434245,2
7.3172186,80.4347403,2
7.3170509,80.4350463,2
7.3168616,80.4352866,2
7.2926483,80.4583774,2
7.2925031,80.458529,2
7.292328,80.4587789,2
7.2922424,80.4590561,2
7.2921214,80.4595485,2
7.2915763,80.4605882,2
7.2912774,80.4611937,2
7.2912115,80.461468,2
7.2911835,80.4617014,2
7.2911835,80.4617014,2
7.2910261,80.4622044,2
7.2904832,80.4638314,2
7.2899544,80.4654809,2
7.2896905,80.4663485,2
7.2896905,80.4663485,2
7.2894882,80.4667878,2
7.2891991,80.4672107,2
7.2890153,80.4676471,2
7.2888992,80.4682993,2
7.2887,80.469259,2
7.2886639,80.469999,2
7.2886231,80.470796,2
7.2884858,80.4727163,2
7.2884512,80.4730284,2
7.2883949,80.4732456,2
7.2541417,80.5098311,2
7.2542203,80.5100567,2
7.2543263,80.5102872,2
7.2546061,80.5106533,2
7.254855,80.5110074,2
7.2549359,80.511173,2
7.2549955,80.5113327,2
7.2551062,80.5117372,2
7.2551479,80.5120745,2
7.2551895,80.5124034,2
7.25523,80.5126254,2
7.2553038,80.5128343,2
7.2553896,80.5130119,2
7.2555134,80.5132268,2
7.2558313,80.5136313,2
7.2561671,80.5140334,2
7.2562731,80.5141883,2
7.2563374,80.5143083,2
7.2564184,80.5145075,2
7.2564776,80.5147024,2
7.2565228,80.5148693,2
7.2565408,80.5151878,2
7.2565448,80.5155828,2
7.2566017,80.5159876,2
7.2565944,80.516415,2
7.2584568,80.59289,2
7.2586414,80.5934004,2
7.2587136,80.5936559,2
7.2554301,80.5874377,2
7.2555298,80.5880816,2
7.2556056,80.5885319,2
7.2556189,80.588725,2
7.255618,80.5889024,2
7.2556069,80.589064,2
7.255589,80.5891865,2
7.2555561,80.589315,2
7.2555224,80.5894372,2
7.2554817,80.5895566,2
7.2587136,80.5936559,2
7.2588652,80.5941608,2
7.2589948,80.5945639,2
7.2590369,80.5946803,2
7.2592875,80.5953804,2
7.2594883,80.5957802,2
7.2595839,80.5959832,2
7.2596184,80.596072,2
7.2598056,80.5963954,2
7.259918,80.59656,2
7.2601838,80.5970745,2
7.2605103,80.597539,2
7.245173,80.5932094,32
7.2448156,80.5933672,32
7.2444195,80.5935132,32
7.2440088,80.5936152,32
7.2435744,80.5936636,32
7.2428102,80.593728,32
7.2413925,80.5938446,32
7.2405397,80.5939197,32
7.2400776,80.5939682,32
7.2396084,80.5940538,32
7.2389911,80.5942215,32
7.238423,80.594373,32
7.2379198,80.5944889,32
7.2370554,80.594601,32
7.236293,80.5946533,32
7.2355318,80.5947108,32
7.2349653,80.5947861,32
7.2344019,80.5948938,32
7.2338051,80.5950315,32
7.2335885,80.5950939,32
7.2334084,80.5951406,32
7.2314779,80.5956687,32
7.2306919,80.5958938,32
7.2299237,80.5960606,32
7.2292311,80.596209,32
7.1621743,80.5657422,2
7.1622181,80.564685,2
7.1622027,80.5644183,2
7.1621748,80.5639898,2
7.1621246,80.5636483,2
7.162043,80.5632705,2
7.161901,80.5628812,2
7.1617307,80.5625258,2
7.1615452,80.5622161,2
7.1608385,80.5610529,2
7.1606875,80.5608534,2
7.1605321,80.5606675,2
7.1602962,80.5604817,2
7.1598829,80.5602039,2
7.1594299,80.5599723,2
7.1590215,80.5597564,2
7.1585185,80.5594774,2
7.1581413,80.5593083,2
7.1579104,80.5592468,2
7.1575923,80.5591881,2
7.1573632,80.5591826,2
7.1572106,80.5591789,2
7.1550574,80.5592334,2
7.1539996,80.5592508,2
7.1705534,80.5748586,2
7.0673051,80.5394543,2
7.0666077,80.539453,2
7.0661675,80.5394541,2
7.0657426,80.5394087,2
7.0653385,80.5393419,2
7.0650105,80.5392463,2
7.0647072,80.5391324,2
7.0644304,80.5389568,2
7.0642194,80.5387876,2
7.0638807,80.5384297,2
7.063566,80.5381477,2
7.0632791,80.5379415,2
7.0630208,80.5377942,2
7.0627025,80.5376804,2
7.0622956,80.5375969,2
7.062046,80.537558,2
7.0618484,80.5375191,2
7.0614704,80.5374426,2
7.0611662,80.537369,2
7.0606447,80.5372316,2
7.0605785,80.5372135,2
7.060395,80.537163,2
7.0601188,80.5370691,2
7.0598196,80.5369263,2
7.0594201,80.5366641,2
7.0269337,80.5391479,2
7.0267221,80.5393168,2
7.0264842,80.5394458,2
7.0262229,80.5395529,2
7.0252685,80.5398453,2
7.0249788,80.540005,2
7.0247534,80.5401859,2
7.0245538,80.5404809,2
7.0244074,80.5407974,2
7.024225,80.5417845,2
7.0241043,80.5422232,2
7.0239401,80.5426065,2
7.0237463,80.5428937,2
7.0235515,80.5430934,2
7.0232533,80.5432905,2
7.022661,80.5435547,2
7.0224268,80.5437438,2
7.0222742,80.543925,2
7.0221446,80.5441743,2
7.0218917,80.5449549,2
7.0217559,80.5452284,2
7.0215855,80.5454645,2
7.0213597,80.5456618,2
7.0208175,80.5460331,2
7.0204368,80.5462987,2
6.970917,80.5191362,2
6.9706041,80.5192635,2
6.9699303,80.5195884,2
6.9697681,80.5197396,2
6.9696237,80.5199275,2
6.9695299,80.5201298,2
6.9694722,80.520322,2
6.9694629,80.5205475,2
6.9696643,80.5215085,2
6.969656,80.5217248,2
6.9695958,80.521988,2
6.9694886,80.5222595,2
6.969336,80.5224932,2
6.9691491,80.5226632,2
6.9688602,80.5228763,2
6.968421,80.5231584,2
6.9680735,80.5233243,2
6.967384,80.5235818,2
6.9671896,80.5236989,2
6.9669773,80.5239062,2
6.9666439,80.5245222,2
6.9665001,80.5247222,2
6.9662652,80.5249297,2
6.9660177,80.5250579,2
6.9658411,80.5251053,2
6.8981159,80.6046736,2
6.8984453,80.6050727,2
6.8993281,80.6061858,2
6.8998568,80.6067938,2
6.900308,80.6071621,2
6.9016858,80.5902228,2
6.9014882,80.5903796,2
6.9013283,80.5905646,2
6.9011887,80.5907712,2
6.9010076,80.5911105,2
6.9008673,80.5913915,2
6.900724,80.5915799,2
6.90056,80.5917382,2
6.9004072,80.5918306,2
6.9002457,80.5919056,2
6.9000764,80.5919544,2
6.8997947,80.5920077,2
6.8994605,80.5920372,2
6.8992365,80.5920915,2
6.8990944,80.5921659,2
6.898995,80.5922262,2
6.898865,80.5923335,2
6.8987016,80.5924972,2
6.89858,80.5926712,2
6.8984886,80.5928847,2
6.9176012,80.6022904,2
6.9178168,80.6023771,2
6.9180085,80.6024803,2
6.9181696,80.6025903,2
6.9186156,80.602994,2
6.9193824,80.6037155,2
6.9197885,80.604087,2
6.9203318,80.6044964,2
6.9208149,80.6048085,2
6.9212318,80.605053,2
6.9218667,80.6053946,2
6.922551,80.6057017,2
6.9232473,80.6059779,2
6.9238678,80.6061997,2
6.9242138,80.6063468,2
6.9245488,80.6065117,2
6.925171,80.6068684,2
6.9260911,80.607408,2
6.9265822,80.6076972,2
6.92716,80.6080634,2
6.9272366,80.6081101,2
6.9280976,80.6086355,2
6.9285913,80.6089368,2
6.9288774,80.6091577,2
6.9291796,80.609442,2
6.9424645,80.6571444,2
6.9424744,80.6577873,2
6.9424884,80.6582254,2
6.9424688,80.6587426,2
6.9424423,80.6588865,2
6.942403,80.6590105,2
6.9458664,80.6617772,2
6.9459424,80.661773,2
6.9460426,80.661756,2
6.9396841,80.6635663,2
6.9397458,80.6636171,2
6.9398312,80.6636829,2
6.9399468,80.6637572,2
6.9400819,80.663808,2
6.9402251,80.6638324,2
6.9403622,80.6638303,2
6.9405417,80.6638059,2
6.9406904,80.6637797,2
6.9408176,80.6637515,2
6.941224,80.6636352,2
6.9413552,80.6635849,2
6.9414621,80.6635357,2
6.941562,80.6634757,2
6.9416504,80.663414,2
6.9417246,80.6633522,2
6.9619466,80.6588429,2
6.9614112,80.6590227,2
6.9608359,80.6592029,2
6.9604727,80.659311,2
6.9601506,80.659374,2
6.9598018,80.6594076,2
6.9595409,80.659429,2
6.9593955,80.6594617,2
6.9592307,80.6595242,2
6.960504,80.661164,2
6.9606924,80.6608908,2
6.9611539,80.6602781,2
6.9615746,80.6598231,2
6.9619492,80.6594698,2
6.9621154,80.6593405,2
6.9622898,80.6592453,2
6.9625627,80.6591635,2
6.9627415,80.6591305,2
6.9629901,80.659134,2
6.963211,80.6591823,2
6.9634372,80.6592805,2
6.9636836,80.6594371,2
6.9638327,80.6595833,2
6.9642316,80.659965,2
6.9646289,80.6603371,2
6.944974,80.7216495,2
6.9449568,80.7218115,2
6.9449244,80.7219589,2
6.9448555,80.7221608,2
6.944737,80.7224756,2
6.9445538,80.722938,2
6.9444956,80.723116,2
6.9444525,80.723281,2
6.9444216,80.723405,2
6.9444051,80.7235285,2
6.9443986,80.7236783,2
6.9444029,80.7238628,2
6.9444697,80.7245683,2
6.9445051,80.7249356,2
6.9445128,80.7250981,2
6.9445052,80.7252454,2
6.9444854,80.7254005,2
6.9444458,80.725577,2
6.944394,80.7257412,2
6.9441489,80.7264071,2
6.9440176,80.7267758,2
6.943978,80.7268971,2
6.943946,80.7270046,2
6.9439216,80.7271136,2
6.9439064,80.7272133,2
6.9254042,80.7434335,2
6.9250896,80.7437726,2
6.9243829,80.7442236,2
6.9241528,80.7444646,2
6.9240104,80.7447752,2
6.9238809,80.7454766,2
6.9237976,80.7457042,2
6.9235858,80.7460237,2
6.9232986,80.7462554,2
6.9227738,80.7464523,2
6.9223707,80.7466588,2
6.9221331,80.746907,2
6.9219814,80.7472331,2
6.9218656,80.7479227,2
6.921718,80.7481936,2
6.9214967,80.748401,2
6.9212595,80.7485259,2
6.9204651,80.7486677,2
6.9201942,80.7487683,2
6.9199477,80.748957,2
6.9197601,80.7492082,2
6.9196407,80.7495505,2
6.9196255,80.7497195,2
6.9197856,80.7505531,2
6.9197857,80.7508171,2
6.8811016,80.8034039,2
6.8810814,80.8038391,2
6.8810113,80.8040528,2
6.8806732,80.8046708,2
6.8806029,80.8049609,2
6.8806085,80.8056012,2
6.8805468,80.8059091,2
6.8804025,80.8062208,2
6.8802132,80.8065009,2
6.8792624,80.8073205,2
6.8790755,80.8075592,2
6.8789253,80.807901,2
6.878848,80.8083102,2
6.8788342,80.8086839,2
6.8789254,80.8093118,2
6.8788392,80.8100915,2
6.8789165,80.8109512,2
6.8784777,80.8120871,2
6.8784215,80.8127766,2
6.8782735,80.813234,2
6.8780712,80.8135922,2
6.8774121,80.8144885,2
6.8769172,80.8151851,2
6.8766524,80.8154522,2
6.8762396,80.8156436,2
6.8661327,80.8267505,2
6.8643279,80.8276897,2
6.8633927,80.8280194,2
6.8588398,80.829184,2
6.8586488,80.8292242,2
6.8585038,80.8292631,2
6.8583855,80.8293038,2
6.8582502,80.8293596,2
6.8580974,80.8294349,2
6.8579517,80.8295231,2
6.8573069,80.8300168,2
6.8571879,80.8301041,2
6.8570998,80.8301617,2
6.8569744,80.8302298,2
6.8565504,80.8304021,2
6.8558983,80.8306671,2
6.8558983,80.8306671,2
6.855286,80.8309264,2
6.8551853,80.8309715,2
6.8550848,80.8310255,2
6.8548852,80.831163,2
6.8547524,80.831259,2
6.8542607,80.8316669,2
6.8541598,80.8317568,2
6.8540221,80.8318449,2
6.8278443,80.8395306,2
6.8268673,80.8392617,2
6.8263655,80.8388346,2
6.826235,80.8385908,2
6.826192,80.8382956,2
6.8262143,80.8379812,2
6.8263792,80.8376754,2
6.8267144,80.8373994,2
6.8275074,80.8371121,2
6.8241516,80.8338132,2
6.8238219,80.8337447,2
6.8229802,80.8333068,2
6.8225958,80.8333177,2
6.8207057,80.8344569,2
6.8204935,80.834678,2
6.8204524,80.8348991,2
6.8204486,80.8353826,2
6.8206505,80.8361871,2
6.820619,80.8365282,2
6.8202398,80.8374223,2
6.8198493,80.8381458,2
6.8194242,80.8387983,2
6.819273,80.8393297,2
6.8192797,80.8399155,2
6.8194927,80.8405172,2
6.7675267,80.9459138,2
6.7675068,80.9464126,2
6.7671752,80.9485052,2
6.7670148,80.9491043,2
6.766863,80.9496005,2
6.7668108,80.9499798,2
6.7668772,80.950505,2
6.7669061,80.950843,2
6.7668328,80.951191,2
6.7666499,80.9518321,2
6.7665809,80.9521476,2
6.7665375,80.9526271,2
6.7666068,80.9530195,2
6.7668128,80.9535014,2
6.7670989,80.9540389,2
6.7671642,80.9542355,2
6.767195,80.9543284,2
6.7673907,80.954918,2
6.767684,80.9558021,2
6.7682444,80.9576349,2
6.7684774,80.9583259,2
6.768525,80.9584671,2
6.7685847,80.9586988,2
6.7687598,80.9593785,2
6.7689057,80.9597525,2
6.8290181,80.9875618,2
6.8290889,80.9877246,2
6.8292444,80.988066,2
6.8292973,80.9882209,2
6.8293164,80.9883536,2
6.8293213,80.9884804,2
6.8293097,80.9885861,2
6.829292,80.9887292,2
6.8292626,80.988849,2
6.8291992,80.9889973,2
6.829085,80.9891533,2
6.8286917,80.9894796,2
6.8285507,80.9896605,2
6.8284561,80.9898569,2
6.8284198,80.9901166,2
6.8284155,80.990244,2
6.8284519,80.9904327,2
6.8286224,80.9908318,2
6.8286718,80.9910044,2
6.8286757,80.9911434,2
6.8286511,80.9913069,2
6.8285807,80.9914804,2
6.8285125,80.9915917,2
6.8284156,80.9917175,2
6.8283373,80.9918,2
6.8277257,80.9947877,2
6.8276963,80.995049,2
6.82758,80.9956613,2
6.8274508,80.9962429,2
6.8273708,80.9964505,2
6.8271204,80.9968791,2
6.8270164,80.9970906,2
6.8269172,80.9974383,2
6.8269057,80.9977869,2
6.8269262,80.9979217,2
6.8269975,80.9981495,2
6.8271147,80.9983487,2
6.8271938,80.9984479,2
6.827305,80.9985527,2
6.8275008,80.9986848,2
6.8280401,80.9989167,2
6.8282955,80.999076,2
6.8284244,80.9992012,2
6.8286052,80.9994953,2
6.8286593,80.999639,2
6.8286945,80.9999191,2
6.8286833,81.000097,2
6.8286587,81.0002225,2
6.8286111,81.0003598,2
6.8283155,81.0008577,2
6.9022639,81.0625877,2
6.9024712,81.0626985,2
6.9027033,81.0628004,2
6.9035869,81.063138,2
6.9035869,81.063138,2
6.9038656,81.0632574,2
6.9040156,81.0633543,2
6.9041336,81.0635084,2
6.9043131,81.063891,2
6.9044279,81.0641113,2
6.9044279,81.0641113,2
6.9045289,81.0642423,2
6.9046493,81.0643521,2
6.9047714,81.0644351,2
6.9049114,81.0644998,2
6.9050329,81.064546,2
6.8942336,81.0639523,2
6.8944721,81.0639632,2
6.8947145,81.0639658,2
6.8948794,81.0640024,2
6.8951256,81.0640993,2
6.8955349,81.0642897,2
6.8958814,81.0644477,2
6.8961237,81.0644759,2
6.8963826,81.0644315,2
6.9239702,81.0544541,2
6.9242696,81.0541437,2
6.9244046,81.0539669,2
6.9244681,81.0538556,2
6.9245631,81.0535879,2
6.9246746,81.0526322,2
6.9247052,81.0524998,2
6.9248209,81.0522472,2
6.9249062,81.0521322,2
6.9250189,81.0520215,2
6.9251575,81.0519217,2
6.9261455,81.0514732,2
6.9263382,81.0513465,2
6.9264742,81.0511966,2
6.9265889,81.0510221,2
6.9268121,81.0504867,2
6.926917,81.0502944,2
6.9269883,81.0501909,2
6.9270898,81.0500855,2
6.9272259,81.0499773,2
6.9273472,81.0498961,2
6.9274875,81.0498381,2
6.9276565,81.0497886,2
6.9281339,81.0497125,2
6.9282157,81.0496865,2
6.9796757,81.0479769,2
6.9798684,81.0483151,2
6.9799666,81.0484361,2
6.9802765,81.048607,2
6.9805173,81.0488051,2
6.980643,81.0489779,2
6.9809544,81.0494722,2
6.9810791,81.049631,2
6.9812417,81.0497921,2
6.9814182,81.0499238,2
6.9815585,81.0501474,2
6.9818791,81.0502995,2
6.9822835,81.0505166,2
6.9824919,81.0506599,2
6.9827431,81.0508818,2
6.9831691,81.051422,2
6.983347,81.0517349,2
6.983514,81.0520992,2
6.9837925,81.0523281,2
6.9841552,81.0524844,2
6.9842695,81.0526177,2
6.9843596,81.0527464,2
6.9844231,81.052846,2
6.9845071,81.05304,2
6.9845538,81.0531856,2
7.2893532,80.6317592,32
7.2893927,80.631809,32
7.2894807,80.631898,32
7.2897966,80.6321947,32
7.2899642,80.632347,32
7.2901814,80.6325913,32
7.2878542,80.6295374,32
7.2879806,80.6296921,32
7.2893596,80.6315449,32
7.2876304,80.6293382,32
7.2880724,80.6298758,32
7.2893238,80.6315739,32
7.288626,80.6315136,32
7.288734,80.6316204,32
7.2887876,80.6316779,32
7.2890605,80.6320404,32
7.2874401,80.6291638,32
7.2879511,80.6297842,32
7.2881138,80.6299908,32
7.289291,80.6316105,32
7.2894807,80.631898,32
7.2884405,80.630914,32
7.2891923,80.6318994,32
7.2894813,80.6322652,32
7.2864657,80.62799,32
7.3260813,80.6330566,36
7.3278132,80.6323044,36
7.3298765,80.6325885,36
7.3300237,80.6327378,36
7.3301936,80.6329369,36
7.3287248,80.632196,36
7.3289403,80.6322094,36
7.3291103,80.63224,36
7.3293391,80.6322918,36
7.3295375,80.6323396,36
7.32968,80.6324028,36
7.3299344,80.6325463,36
7.3299686,80.6325674,36
7.3294996,80.6323625,36
7.3296657,80.6324611,36
7.3298765,80.6325885,36
7.330037,80.6327139,36
7.3301585,80.6328345,36
7.3302544,80.6329513,36
7.3304129,80.633203,36
7.3304936,80.6333964,36
7.3305572,80.6335802,36
7.3306142,80.6337946,36
7.3306549,80.6339711,36
7.3314212,80.6354545,36
7.3425019,80.6740461,32
7.3427339,80.674465,32
7.3431134,80.6749369,32
7.3435293,80.6754088,32
7.3436774,80.6756626,32
7.3437989,80.6760051,32
7.3439,80.6765275,32
7.3439786,80.6768678,32
7.3440826,80.6771095,32
7.3442129,80.677332,32
7.3444077,80.6775486,32
7.3449161,80.6780598,32
7.3456188,80.6786067,32
7.3459617,80.6788579,32
7.3463561,80.6791221,32
7.3467553,80.6793096,32
7.3476824,80.6795925,32
7.3480852,80.6798064,32
7.3483864,80.6800392,32
7.3490496,80.6807303,32
7.3492922,80.6809984,32
7.3494532,80.6811661,32
7.3497992,80.6815268,32
7.3504239,80.682193,32
7.3506962,80.6824572,32
7.4116974,80.6419686,2
7.4119286,80.6416018,2
7.412135,80.6410951,2
7.4122862,80.6407482,2
7.4125014,80.6404437,2
7.4128365,80.6401089,2
7.4130567,80.6399304,2
7.4136773,80.6396178,2
7.4139975,80.6394106,2
7.4148084,80.6386323,2
7.4151682,80.6382976,2
7.4155885,80.637954,2
7.416649,80.6370876,2
7.4171673,80.6366568,2
7.4176497,80.6363134,2
7.417713,80.6362683,2
7.4186102,80.6357436,2
7.419006,80.6355014,2
7.4193922,80.6352178,2
7.4197759,80.6349012,2
7.4205065,80.6341866,2
7.4212619,80.6334878,2
7.4216193,80.633092,2
7.4218694,80.6328797,2
7.4223284,80.6325818,2
7.4696555,80.6251252,22
7.4689432,80.6250681,22
7.4687174,80.6250439,22
7.4682467,80.6249918,22
7.4696989,80.6255684,22
7.4692385,80.6253802,22
7.4689937,80.6252834,22
7.4687027,80.6251914,22
7.4684346,80.6251208,22
7.468165,80.6250653,22
7.4696533,80.6251687,22
7.4690914,80.6251132,22
7.4687051,80.6250749,22
7.468165,80.6250653,22
7.4683947,80.6250797,22
7.4687051,80.6250749,22
7.4687051,80.6250749,22
7.4685162,80.62505,22
7.4682467,80.6249918,22
7.468165,80.6250653,22
7.467718,80.6250596,22
7.4672225,80.6250174,22
7.466949,80.6250085,22
7.4668153,80.6250232,22
7.4669938,80.6249859,22
7.0378023,79.923593,2
7.0376129,79.9231242,2
7.0373157,79.9225877,2
7.0369334,79.9221169,2
7.0364665,79.9217113,2
7.0358712,79.92136,2
7.035263,79.9211243,2
7.0348548,79.9210472,2
7.0345077,79.9210213,2
7.03414,79.9210189,2
7.0325951,79.9211669,2
7.0323706,79.9211806,2
7.0314147,79.9212693,2
7.0443203,79.904939,2
7.0438061,79.9053771,2
7.0435277,79.9056739,2
7.0432594,79.9060011,2
7.0430604,79.906302,2
7.0424184,79.9072755,2
7.0417967,79.9080457,2
7.0410119,79.9087801,2
7.0397067,79.9099833,2
7.0393363,79.9103268,2
7.0389766,79.9107502,2
7.0386879,79.9112314,2
7.0599269,79.8968817,34
7.0596554,79.896981,34
7.0593466,79.8971204,34
7.0590363,79.8972889,34
7.0587265,79.8974934,34
7.0584523,79.8977011,34
7.057857,79.898207,34
7.0577858,79.8982678,34
7.0566437,79.899243,34
7.0564279,79.8994111,34
7.0561164,79.8996149,34
7.0557704,79.8997839,34
7.0555121,79.8998923,34
7.055226,79.899973,34
7.0548874,79.9000335,34
7.0544591,79.9001002,34
7.0530827,79.9000806,34
7.052619,79.9000713,34
7.0525536,79.90007,34
7.0525072,79.9000757,34
7.0523449,79.9000955,34
7.0520127,79.900136,34
7.0515167,79.9002644,34
7.0510516,79.9004866,34
7.0487627,79.9019684,34
7.0888948,79.8923699,32
7.0881954,79.8928702,32
7.0878191,79.8930548,32
7.0874093,79.8932276,32
7.0870251,79.8933506,32
7.0865976,79.8934658,32
7.0863578,79.8935074,32
7.0859119,79.8935591,32
7.0853834,79.8935496,32
7.0849312,79.8935187,32
7.0845269,79.8934698,32
7.0830988,79.8930438,32
7.0814617,79.8925823,32
7.0812202,79.8924867,32
7.0804022,79.8922791,32
7.0804022,79.8922791,32
7.0800644,79.8921788,32
7.0800644,79.8921788,32
7.079876,79.8921281,32
7.0792329,79.8919568,32
7.0788584,79.8919274,32
7.0785467,79.8919268,32
7.0781161,79.8919782,32
7.0772285,79.892218,32
7.0717549,79.893681,32
7.1043309,79.8895557,2
7.1034016,79.8898818,2
7.1017393,79.890465,2
7.101276,79.8905707,2
7.100811,79.8906172,2
7.099657,79.8906291,2
7.0954946,79.890695,2
7.0947458,79.8907204,2
7.0918355,79.8911487,2
7.091654,79.8911835,2
7.0914507,79.8912102,2
7.0912647,79.8912454,2
7.0908512,79.8913514,2
7.0900483,79.8916861,2
7.0896396,79.8918874,2
7.0888948,79.8923699,2
7.0881954,79.8928702,2
7.0878191,79.8930548,2
7.0874093,79.8932276,2
7.0870251,79.8933506,2
7.0865976,79.8934658,2
7.0863578,79.8935074,2
7.0859119,79.8935591,2
7.0853834,79.8935496,2
7.0849312,79.8935187,2
7.1148756,79.8874515,46
7.1143217,79.8875979,46
7.1137817,79.8876822,46
7.1130692,79.8877537,46
7.1117989,79.8878789,46
7.110618,79.8880451,46
7.1094449,79.888319,46
7.1081946,79.8886108,46
7.1074667,79.8887847,46
7.1064176,79.8890354,46
7.1043309,79.8895557,46
7.1034016,79.8898818,46
7.1017393,79.890465,46
7.101276,79.8905707,46
7.100811,79.8906172,46
7.099657,79.8906291,46
7.0954946,79.890695,46
7.0947458,79.8907204,46
7.0922901,79.8911114,46
7.0938123,79.8908898,46
7.0947678,79.890777,46
7.095472,79.8907607,46
7.0965688,79.8907324,46
7.0996702,79.8906674,46
7.1008105,79.8906617,46
7.1233104,79.8844907,28
7.1206303,79.8854526,28
7.1193687,79.8859149,28
7.1239455,79.8842414,28
7.1233104,79.8844907,28
7.1394116,79.8795407,28
7.1371458,79.8801721,28
7.1318075,79.8816596,28
7.1311192,79.8818402,28
7.1302528,79.8820359,28
7.1293876,79.8822633,28
7.1265126,79.8832509,28
7.1247547,79.8838981,28
7.1239455,79.8842414,28
7.1239675,79.884296,28
7.124769,79.8839338,28
7.1265363,79.8832829,28
7.1271514,79.8830927,28
7.128645,79.8826686,28
7.1292253,79.8824683,28
7.1301641,79.8821254,28
7.1311192,79.8818402,28
7.1233367,79.8845665,28
7.1239675,79.884296,28
7.1206628,79.8854885,28
7.1585579,79.8752989,2
7.1582405,79.8753003,2
7.1577432,79.8753909,2
7.1585269,79.8751397,2
7.1579376,79.8753286,2
7.1577432,79.8753909,2
7.1560228,79.8759831,2
7.1514769,79.8774499,2
7.1498494,79.8779477,2
7.1492194,79.8780887,2
7.148566,79.8781828,2
7.1480075,79.8782334,2
7.1476192,79.8782586,2
7.1471896,79.8782865,2
7.1434757,79.8785274,2
7.1424722,79.8786879,2
7.1394116,79.8795407,2
7.1371458,79.8801721,2
7.1691932,79.8831441,2
7.1677285,79.8822515,2
7.1668627,79.8815118,2
7.1657301,79.8806449,2
7.1646646,79.8797102,2
7.1607993,79.8763191,2
7.1599877,79.87568,2
7.1598472,79.875611,2
7.1597034,79.8755303,2
7.1595427,79.875469,2
7.1590039,79.8753377,2
7.1585579,79.8752989,2
7.1582405,79.8753003,2
7.1577432,79.8753909,2
7.1782837,79.8673358,2
7.1780967,79.8674072,2
7.1764295,79.8680467,2
7.1741317,79.8689287,2
7.1734773,79.8691642,2
7.1728733,79.8693591,2
7.1716894,79.8699163,2
7.1700429,79.8707024,2
7.1689936,79.871212,2
7.1684721,79.8714778,2
7.1667381,79.8723641,2
7.1988221,79.8543127,2
7.1988038,79.8544103,2
7.1979364,79.8569037,2
7.1974915,79.8578144,2
7.1969672,79.8585397,2
7.1965245,79.8590436,2
7.1959938,79.8596338,2
7.1951777,79.8601739,2
7.1949333,79.8603071,2
7.1920596,79.8616569,2
7.1917485,79.8617917,2
7.1888259,79.8631596,2
7.1873934,79.863813,2
7.1862902,79.8643108,2
7.185157,79.8647531,2
7.1850354,79.8647954,2
7.1831583,79.8654514,2
7.1827934,79.8655789,2
7.1812055,79.8661789,2
7.1888259,79.8631596,2
7.1897307,79.8628435,2
7.1905944,79.8624808,2
7.1912036,79.8621803,2
7.1917475,79.8618477,2
7.1920596,79.8616569,2
7.2202666,79.8455974,14
7.2194812,79.8453009,14
7.2193901,79.8452787,14
7.218509,79.8450565,14
7.2167867,79.8444648,14
7.2146496,79.8436763,14
7.2145171,79.8436287,14
7.2137793,79.8433637,14
7.2121815,79.8428287,14
7.2119789,79.8427405,14
7.209138,79.8415041,14
7.208452,79.8412246,14
7.2077445,79.8410063,14
7.2070601,79.8409371,14
7.2061963,79.8410336,14
7.2053193,79.8414113,14
7.2044106,79.8419836,14
7.2042017,79.8421164,14
7.203446,79.8426434,14
7.2027541,79.8433033,14
7.2021686,79.8439519,14
7.2016832,79.8447501,14
7.201266,79.8457028,14
7.2504632,79.8506692,2
7.2503072,79.8505991,2
7.247964,79.8495458,2
7.2467655,79.8489676,2
7.244684,79.8479655,2
7.243311,79.8475364,2
7.2424915,79.8474304,2
7.2415403,79.8473643,2
7.2407068,79.8473906,2
7.2371946,79.8478002,2
7.2346793,79.8480192,2
7.2321277,79.8483773,2
7.2309791,79.848477,2
7.2303572,79.8485391,2
7.2297018,79.848485,2
7.2295486,79.8484529,2
7.2290774,79.848326,2
7.2694842,79.8593826,44
7.2703537,79.8596132,44
7.2703537,79.8596132,44
7.2722886,79.8601296,44
7.2732544,79.8602739,44
7.2740022,79.8603115,44
7.2694842,79.8593826,44
7.2686997,79.8591672,44
7.2677854,79.8588906,44
7.266727,79.8584025,44
7.2651153,79.8576622,44
7.2595715,79.855123,44
7.2572758,79.8540328,44
7.2555418,79.8532164,44
7.2542339,79.8526068,44
7.3357611,79.8642944,22
7.3365655,79.8642558,22
7.3375707,79.8641518,22
7.3396489,79.8638745,22
7.3418826,79.8635817,22
7.3441204,79.8633491,22
7.3474313,79.862903,22
7.3486814,79.862704,22
7.3513904,79.8624005,22
7.3521417,79.8622558,22
7.3533895,79.861924,22
7.4052638,79.8642907,28
7.4074636,79.8645468,28
7.4081327,79.8646823,28
7.4087704,79.8649126,28
7.4095246,79.8653034,28
7.4106729,79.8658311,28
7.4110907,79.8660278,28
7.4115234,79.8661608,28
7.4120585,79.8662737,28
7.4123229,79.8663039,28
7.4130831,79.8663276,28
7.4135967,79.8662566,28
7.4141602,79.8661263,28
7.4148628,79.8658339,28
7.4153148,79.8655575,28
7.4157335,79.8653697,28
7.4160814,79.8650459,28
7.4166292,79.8645664,28
7.4174413,79.8636277,28
7.4184132,79.8628409,28
7.4188774,79.8625576,28
7.4283735,79.8582872,2
7.4287885,79.8581717,2
7.4299459,79.8580628,2
7.4306132,79.8581027,2
7.4314792,79.8582317,2
7.4322301,79.8585097,2
7.4344708,79.8594692,2
7.435414,79.8597014,2
7.435685,79.8597268,2
7.4365339,79.8597537,2
7.4373468,79.8596812,2
7.4383003,79.8594506,2
7.4391784,79.8591429,2
7.4397367,79.8589628,2
7.4498678,79.8554687,2
7.450285,79.8553824,2
7.4719363,79.8469562,24
7.4508955,79.8553323,24
7.4562467,79.855281,24
7.4577171,79.8550738,24
7.4589315,79.8547235,24
7.4596845,79.854425,24
7.4609453,79.8537864,24
7.4619937,79.8531594,24
7.4633222,79.8523708,24
7.4653214,79.851222,24
7.467089,79.8501692,24
7.4686034,79.8492019,24
7.4719363,79.8469562,24
7.4719363,79.8469562,2
7.472423,79.8466424,2
7.472423,79.8466424,2
7.4730032,79.8462581,2
7.4741783,79.8456316,2
7.4747888,79.8453631,2
7.4765377,79.8447312,2
7.4793495,79.8442382,2
7.4834341,79.8435755,2
7.467089,79.8501692,2
7.4686034,79.8492019,2
7.4719363,79.8469562,2
7.4876239,79.8429016,58
7.4893759,79.8426202,58
7.49552,79.8416334,58
7.4970242,79.8413911,58
7.4978311,79.8412845,58
7.5019572,79.8405014,58
7.503192,79.8402396,58
7.5041785,79.8399311,58
7.5053812,79.839371,58
7.5063782,79.8387713,58
7.5227791,79.8281387,2
7.523879,79.8275758,2
7.5249793,79.8270058,2
7.532751,79.8228083,2
7.5341037,79.8220928,2
7.5420462,79.8178917,2
7.5552907,79.810741,22
7.556999,79.8098187,22
7.5580707,79.8090957,22
7.559113,79.8081519,22
7.5593572,79.8079381,22
7.5598179,79.8074478,22
7.5601171,79.8071243,22
7.5603821,79.8068162,22
7.5607059,79.8064078,22
7.5609734,79.8060528,22
7.5612321,79.8056543,22
7.5614676,79.805246,22
7.5617306,79.8047384,22
7.5620658,79.804009,22
7.5627888,79.8023774,22
7.5635742,79.8011787,22
7.5643776,79.8002442,22
7.5651524,79.799509,22
7.5667528,79.7979922,22
7.5667528,79.7979922,2
7.5718652,79.7931387,2
7.5724279,79.7926044,2
7.5727006,79.7923707,2
7.5729739,79.7921586,2
7.5732808,79.7919511,2
7.5735983,79.7917633,2
7.5739135,79.7916072,2
7.5742849,79.7914438,2
7.5748241,79.7912426,2
7.5753154,79.7911147,2
7.5755476,79.7910764,2
7.5760573,79.791019,2
7.5765514,79.791031,2
7.5773086,79.7911326,2
7.5775402,79.7911675,2
7.5819802,79.7923379,2
7.5836905,79.7927882,2
7.5842659,79.7929841,2
7.5846676,79.7932127,2
7.5853768,79.7936658,2
7.5860497,79.7942245,2
7.5863162,79.7945883,2
7.5866131,79.7950369,2
7.598732,79.816014,56
7.5987516,79.8163938,56
7.5987367,79.8176229,56
7.5986177,79.8230915,56
7.5986627,79.8240482,56
7.598818,79.8247309,56
7.5991521,79.8254884,56
7.5991569,79.8254994,56
7.5992941,79.825813,56
7.5998103,79.8265822,56
7.6001161,79.8269326,56
7.6005521,79.8273142,56
7.6008903,79.8275358,56
7.6013886,79.8278622,56
7.6023083,79.8282217,56
7.6028747,79.8284172,56
7.6039365,79.8285485,56
7.6086692,79.8285436,56
7.6086692,79.8285436,56
7.6108382,79.8285389,56
7.6108382,79.8285389,56
7.6164447,79.8285573,2
7.6187325,79.8284804,2
7.6198684,79.8285002,2
7.6268008,79.8285631,2
7.6272658,79.828545,2
7.6277136,79.8285486,2
7.6291774,79.828552,2
7.6306347,79.8285548,2
7.6335493,79.8285495,2
7.6350359,79.8285416,2
7.6356063,79.8285439,2
7.6362819,79.8285422,2
7.897627,79.8194756,44
7.9017183,79.8205676,44
7.9049691,79.8214352,44
7.909061,79.8225273,44
7.9116344,79.8232141,44
7.9128935,79.8235291,44
7.9835792,79.832995,26
7.9825772,79.8330203,26
7.9804551,79.8327204,26
7.9800186,79.8325794,26
7.9794782,79.8324241,26
7.9855168,79.833475,26
7.985246,79.8333996,26
7.982835,79.833056,26
7.9825923,79.8330586,26
7.9800186,79.8325794,26
7.980376,79.8327488,26
7.9825923,79.8330586,26
7.9855168,79.833475,26
7.9860887,79.8335693,26
7.9864551,79.8336927,26
7.9867175,79.8338343,26
7.9869934,79.8340352,26
7.9872196,79.834259,26
7.9874683,79.8345559,26
7.9875961,79.8348241,26
7.9876945,79.8352548,26
7.9877397,79.8356247,26
7.9877262,79.836118,26
7.9876447,79.8365931,26
7.9874457,79.8375203,26
8.0247039,79.8387794,32
8.0211606,79.8372988,32
8.0204046,79.8368094,32
8.0146323,79.8365637,32
8.0164339,79.836323,32
8.0176319,79.8362428,32
8.0187206,79.836359,32
8.0196881,79.836596,32
8.0204046,79.8368094,32
8.0239918,79.8383082,32
8.0247039,79.8387794,32
8.0265475,79.8396281,32
8.0268966,79.83971,32
8.0277269,79.8399962,32
8.0285874,79.8401311,32
8.0296844,79.8402529,32
8.0301728,79.8402563,32
8.0310773,79.8402433,32
8.0313905,79.8402356,32
8.0247039,79.8387794,2
8.0247039,79.8387794,2
8.0265475,79.8396281,2
8.0268966,79.83971,2
8.0277269,79.8399962,2
8.0285874,79.8401311,2
8.0296844,79.8402529,2
8.0301728,79.8402563,2
8.0310773,79.8402433,2
8.0313905,79.8402356,2
8.0356356,79.8399106,2
8.0359754,79.8398846,2
8.0359754,79.8398846,2
8.0388698,79.8396458,2
8.0406024,79.8395028,2
8.0407984,79.8394992,2
8.0429765,79.8394594,2
8.0471181,79.8396848,2
8.2265877,79.8667271,2
8.2307063,79.8666946,2
8.2309746,79.8666925,2
8.2332641,79.866589,2
8.2340674,79.8664833,2
8.2353969,79.8662323,2
8.236341,79.8659901,2
8.2377545,79.8655274,2
8.2384582,79.8652504,2
8.2394477,79.8647821,2
7.3553331,80.3036242,34
7.3554812,80.303601,34
7.3588748,80.3030688,34
7.3594888,80.3030147,34
7.3628317,80.3030095,34
7.3631446,80.3029929,34
7.3636447,80.3028733,34
7.3641015,80.3027189,34
7.3645822,80.3024624,34
7.3658839,80.3014594,34
7.3663383,80.3012339,34
7.3671918,80.30102,34
7.3676191,80.3009862,34
7.3680572,80.3010237,34
7.3715048,80.3018419,34
7.3722938,80.3017777,34
7.3727331,80.3016654,34
7.3750169,80.3004626,34
7.4441361,80.3488714,2
7.4499947,80.3586472,2
7.4500237,80.3586956,2
7.4511182,80.3605204,2
7.4514932,80.3612435,2
7.45224,80.3632814,2
7.452506,80.3640073,2
7.4539949,80.3668067,2
7.4542357,80.3672,2
7.4546434,80.3677062,2
7.4550177,80.3680141,2
7.4554225,80.368287,2
7.4681662,80.3686145,22
7.4687277,80.3686691,22
7.4690951,80.3687318,22
7.4691608,80.3687454,22
7.469938,80.3689058,22
7.470289,80.3689881,22
7.4739446,80.3698647,22
7.4743811,80.3699785,22
7.4745446,80.3700164,22
7.4746835,80.3700646,22
7.4749329,80.3701568,22
7.47524,80.3703138,22
7.4767218,80.3728778,22
7.4767637,80.373163,22
7.4768284,80.3736339,22
7.4769816,80.3748798,22
7.4770196,80.3751978,22
7.4770838,80.3754674,22
7.4770654,80.3751315,22
7.4770441,80.3748727,22
7.4769998,80.3745384,22
7.4770506,80.3758819,22
7.4770486,80.3757062,22
7.4770471,80.3754936,22
7.4770379,80.3753657,22
7.5491258,80.3703667,2
7.5492978,80.370303,2
7.5508031,80.3697452,2
7.5524397,80.3691348,2
7.5562507,80.3675345,2
7.5574671,80.3670237,2
7.559602,80.3662257,2
7.5608934,80.3656729,2
7.5612676,80.3653863,2
7.5617418,80.365023,2
7.5627113,80.3640396,2
7.5636702,80.3629498,2
7.5645306,80.3620931,2
7.5651049,80.3616639,2
7.5653814,80.3614923,2
7.5663173,80.3610578,2
7.5676959,80.3604144,2
7.6455493,80.3431386,2
7.646297,80.3433996,2
7.6472376,80.3438306,2
7.649062,80.3451872,2
7.6504316,80.3465432,2
7.6515827,80.3475088,2
7.6521515,80.3479434,2
7.6527656,80.3482706,2
7.6532999,80.3484878,2
7.6538954,80.3486595,2
7.6546344,80.3487722,2
7.6550423,80.3488215,2
7.6556822,80.3489284,2
7.6558719,80.3489449,2
7.6563756,80.3490243,2
7.6570588,80.3490592,2
7.6575187,80.3490082,2
7.6580025,80.348917,2
7.6587996,80.3485596,2
7.6593821,80.3482089,2
7.6596324,80.3479885,2
7.6599457,80.3477127,2
7.6605916,80.3470234,2
7.6612801,80.3464172,2
7.6618543,80.3460175,2
7.7461145,80.3212557,2
7.748299,80.3212268,2
7.7488803,80.3211074,2
7.7494943,80.3209186,2
7.7502037,80.320604,2
7.7508964,80.3200961,2
7.7513312,80.3197229,2
7.7519611,80.3189552,2
7.7524038,80.318123,2
7.7527536,80.3171766,2
7.7535513,80.3146991,2
7.7540253,80.3133936,2
7.7547877,80.3111435,2
7.7553442,80.3097572,2
7.7556212,80.3092087,2
7.7559029,80.3087825,2
7.7565502,80.3080702,2
7.7573477,80.3074583,2
7.7580559,80.3070836,2
7.7736768,80.3001538,2
7.7740309,80.3000887,2
7.7755619,80.299576,2
7.7763371,80.2993751,2
7.7773684,80.2992932,2
7.7781859,80.2992843,2
7.7789542,80.299178,2
7.7799396,80.2988137,2
7.7806172,80.2983922,2
7.7812946,80.2977824,2
7.7815359,80.2974817,2
7.7819328,80.2970252,2
7.7822536,80.2962663,2
7.7824846,80.295525,2
7.7825528,80.295067,2
7.7828559,80.2921333,2
7.7829915,80.2915391,2
7.7833149,80.2907016,2
7.7837661,80.2899312,2
7.784442,80.2891285,2
7.7850937,80.2886011,2
7.7857545,80.2881841,2
7.7866065,80.287838,2
7.8389042,80.2628955,2
7.839849,80.2626542,2
7.8403501,80.2624497,2
7.8408049,80.2622059,2
7.8421622,80.2612979,2
7.8430838,80.2608872,2
7.8480592,80.2595337,2
7.8510231,80.2587199,2
7.8514139,80.2585481,2
7.8521485,80.2581102,2
7.8531654,80.2573209,2
7.8535641,80.2570843,2
7.8544052,80.2567288,2
7.855138,80.2565764,2
7.8568427,80.256411,2
7.8586553,80.2562516,2
8.0003145,80.2715203,2
8.0007424,80.2715204,2
8.001119,80.2715095,2
8.0031457,80.2714791,2
8.0038714,80.2714677,2
8.0048074,80.2714914,2
8.0076735,80.271453,2
8.0087747,80.2713641,2
8.0091771,80.2712818,2
8.0115444,80.2707978,2
8.011999,80.270737,2
8.0123069,80.2707199,2
8.0127395,80.2707392,2
8.0131059,80.2707685,2
8.0135029,80.2708474,2
7.9919913,80.2709244,2
7.9934297,80.2711555,2
7.9950368,80.2714292,2
7.9953657,80.2714814,2
7.995635,80.2715162,2
7.9959731,80.2715426,2
7.9962323,80.2715529,2
7.9964749,80.2715606,2
7.9988064,80.2715385,2
7.9997521,80.2715295,2
8.082907,80.2784748,2
8.0831182,80.2784024,2
8.083292,80.2783497,2
8.0835038,80.2782922,2
8.0839241,80.2781885,2
8.0843365,80.2780848,2
8.084624,80.2780066,2
8.0849021,80.2779188,2
8.0850902,80.2778582,2
8.0854236,80.2777496,2
8.0855373,80.2777161,2
8.0856732,80.277681,2
8.0857964,80.2776536,2
8.0859671,80.2776156,2
8.0862831,80.2775517,2
8.0865517,80.2775118,2
8.087051,80.2774384,2
8.0873339,80.2773985,2
8.0878873,80.2773146,2
8.0765311,80.2810395,2
8.0770795,80.280619,2
8.0775105,80.2803303,2
8.078013,80.2800241,2
8.0783429,80.2798593,2
8.0786554,80.2796892,2
8.1530789,80.3032777,2
8.1532546,80.3033319,2
8.1533402,80.3033544,2
8.1535015,80.303392,2
8.153597,80.3034183,2
8.1537061,80.3034547,2
8.154397,80.303704,2
8.1545372,80.3037504,2
8.1546054,80.303778,2
8.1547059,80.3038306,2
8.1549275,80.303933,2
8.1524213,80.3030887,2
8.1525105,80.3031055,2
8.1525725,80.303116,2
8.1526329,80.3031266,2
8.1527152,80.3031502,2
8.1530789,80.3032777,2
8.1543891,80.3037401,2
8.1549275,80.303933,2
8.155183,80.3040245,2
8.15524,80.3040496,2
8.1554239,80.3041478,2
8.1519952,80.3030069,2
8.1522356,80.3030481,2
8.152333,80.3030676,2
8.23291,80.3488086,2
8.2326902,80.34863,2
8.2326116,80.3485779,2
8.2318617,80.3481723,2
8.2311897,80.3478069,2
8.2311297,80.3477808,2
8.2310668,80.3477573,2
8.2307658,80.3476555,2
8.2333688,80.3490871,2
8.2331732,80.3489499,2
8.2331225,80.3489189,2
8.2329835,80.3488463,2
8.23291,80.3488086,2
8.2308321,80.3476865,2
8.2307658,80.3476555,2
8.230434,80.3475227,2
8.220745,80.3445146,2
8.2214982,80.3443152,2
8.2219757,80.3442028,2
8.2222734,80.3441526,2
8.2225435,80.3441152,2
8.2227868,80.3440956,2
8.2230127,80.3440904,2
8.2232574,80.3440973,2
8.223487,80.3441196,2
8.2913407,80.3737954,2
8.2914166,80.3738157,2
8.293237,80.3743325,2
8.2938023,80.3745032,2
8.2940965,80.3746008,2
8.2942624,80.3746603,2
8.2944241,80.3747274,2
8.29461,80.3748131,2
8.2947869,80.3749007,2
8.2949603,80.3750004,2
8.2951737,80.3751399,2
8.295826,80.3755903,2
8.2961074,80.3757726,2
8.2964166,80.3759599,2
8.2965407,80.3760303,2
8.2969119,80.376228,2
8.2971198,80.3763201,2
8.2973317,80.3764128,2
8.297673,80.3765478,2
8.2979333,80.3766414,2
8.298815,80.3769066,2
8.2996976,80.3771679,2
8.3001,80.3772836,2
8.3008256,80.3774923,2
8.3010411,80.3775517,2
8.3478975,80.4111913,2
8.3484681,80.411253,2
8.3487653,80.4112771,2
8.3417865,80.4108907,2
8.3420673,80.4108964,2
8.3423252,80.4108881,2
8.3425057,80.4108815,2
8.3425463,80.41088,2
8.3426882,80.4108749,2
8.3430651,80.4108561,2
8.3434234,80.4108642,2
8.3440104,80.4109202,2
8.3445698,80.4109956,2
8.3450394,80.4110813,2
8.3454852,80.4111645,2
8.3463106,80.4113254,2
8.3469189,80.4114628,2
8.3459948,80.4114032,2
8.3455304,80.4113817,2
8.3452092,80.4113495,2
8.3445618,80.4112664,2
8.3436834,80.4111698,2
8.3431582,80.4111156,2
8.3428746,80.4110482,2
8.3383479,80.4102972,2
8.3589117,80.4184175,2
8.3590094,80.41847,2
8.3590807,80.4185175,2
8.3591812,80.4185904,2
8.3592103,80.4186173,2
8.3592744,80.4186764,2
8.3593762,80.4187985,2
8.3594598,80.4189158,2
8.3595632,80.4190867,2
8.3596517,80.4192631,2
8.3597151,80.4194304,2
8.3597507,80.4195822,2
8.3597677,80.4197511,2
8.3597693,80.4199216,2
8.3597496,80.4201202,2
8.3592301,80.4234157,2
8.3592059,80.423569,2
8.3501643,80.4127652,2
8.350654,80.4133757,2
8.3511875,80.4144407,2
8.3516686,80.4152472,2
8.3522889,80.4159359,2
8.3526149,80.4161994,2
8.3529409,80.4164443,2
8.3533029,80.4166488,2
8.3981587,80.425119,2
8.3981629,80.4251633,2
8.3921304,80.4221329,2
8.3921881,80.4221281,2
8.3981629,80.4251633,2
8.3981848,80.4267259,2
8.3982065,80.4282713,2
8.3982164,80.428442,2
8.3982376,80.4286176,2
8.3982693,80.4288052,2
8.3983099,80.4289788,2
8.3983589,80.4291599,2
8.3984154,80.4293245,2
8.3984802,80.4294975,2
8.3985571,80.4296641,2
8.3921881,80.4221281,2
8.3949523,80.4220167,2
8.3953831,80.4220732,2
8.395936,80.4222342,2
8.3966045,80.4225706,2
8.3973222,80.4231755,2
8.3975832,80.4235275,2
8.3979,80.4240833,2
8.3980844,80.4245986,2
8.3981587,80.425119,2
8.4436983,80.4319488,2
8.4435402,80.4319999,2
8.4472631,80.4308251,2
8.4469601,80.4308957,2
8.4453576,80.431413,2
8.4436983,80.4319488,2
8.4434882,80.4320448,2
8.4351901,80.4317223,2
8.4355297,80.4316796,2
8.4358056,80.4316626,2
8.4360805,80.4316662,2
8.4363488,80.4316941,2
8.4365897,80.4317293,2
8.4369339,80.4317956,2
8.4371436,80.4318426,2
8.437394,80.4319112,2
8.4379584,80.4320645,2
8.4393,80.4324418,2
8.4396725,80.4325335,2
8.440003,80.4326016,2
8.4402669,80.4326371,2
8.4404931,80.4326584,2
8.4407556,80.4326636,2
8.4410216,80.4326506,2
8.4412583,80.4326269,2
8.5572086,80.4580429,2
8.5575696,80.4579372,2
8.5577739,80.4578462,2
8.5580788,80.4576898,2
8.5583142,80.4575463,2
8.5586031,80.4573471,2
8.5588146,80.4571989,2
8.5590138,80.4570263,2
8.5591757,80.4568558,2
8.5593004,80.4566915,2
8.5594195,80.4565198,2
8.559558,80.4562784,2
8.5605038,80.4543099,2
8.5434926,80.4564808,2
8.5443476,80.4570225,2
8.544682,80.4571434,2
8.5453322,80.4573784,2
8.5463713,80.4575386,2
8.5522492,80.4579502,2
8.5525437,80.4579583,2
8.5545118,80.458087,2
8.5554745,80.4581353,2
8.5556735,80.4581487,2
8.5559761,80.4581738,2
8.5561322,80.458179,2
8.7440305,80.4916228,2
8.7451237,80.4918971,2
8.7461483,80.4920846,2
8.7487419,80.4923036,2
8.7497196,80.4924661,2
8.7504592,80.492624,2
8.7540337,80.4936258,2
8.7553467,80.4940212,2
8.7571593,80.4945671,2
8.7575716,80.4946338,2
8.7577737,80.494662,2
8.7584976,80.494691,2
8.7590044,80.4946594,2
8.75946,80.4945795,2
8.7601686,80.4943668,2
8.7608809,80.4940296,2
8.7612982,80.49377,2
8.7618121,80.4933063,2
8.7634154,80.4921803,2
8.7634233,80.4921746,2
8.3702898,80.5016342,2
8.3701507,80.5016856,2
8.3700353,80.5017131,2
8.3699007,80.5017335,2
8.3697248,80.5017542,2
8.3695687,80.5017645,2
8.3693895,80.501764,2
8.3683709,80.5017388,2
8.3673642,80.5017264,2
8.3671918,80.5017268,2
8.3670069,80.5017371,2
8.3668609,80.5017559,2
8.366542,80.5018057,2
8.3664029,80.5018159,2
8.3662001,80.5018261,2
8.3633007,80.5018344,2
8.3631453,80.5018314,2
8.3629859,80.5018142,2
8.3628416,80.5017834,2
8.362672,80.5017319,2
8.3625583,80.5017011,2
8.3624226,80.501677,2
8.3622902,80.501665,2
8.3621727,80.5016611,2
8.3609249,80.5016684,2
6.9204911,79.8493512,14
6.9203353,79.8492317,14
6.9203353,79.8492317,14
6.92012,79.8490085,14
6.9199901,79.8488156,14
6.9192423,79.8474221,14
6.9190501,79.8471487,14
6.9188482,79.8469312,14
6.9186595,79.8467663,14
6.9184517,79.8466451,14
6.9182451,79.8465581,14
6.9179571,79.8464714,14
6.9177215,79.8464446,14
6.9171836,79.8464969,14
6.9168035,79.8465802,14
6.9150894,79.8471111,14
6.9131935,79.8475805,14
6.9115824,79.8480186,14
6.910196,79.8484153,14
6.9005706,79.8510326,14
6.922159,79.8497718,14
6.9216284,79.8497662,14
6.9213646,79.8497277,14
6.9209453,79.8496056,14
6.9207397,79.8495073,14
6.9005706,79.8510326,2
6.8978167,79.8518178,2
6.895134,79.8524655,2
6.8939424,79.8528142,2
6.8932315,79.8530636,2
6.8922356,79.8533627,2
6.890865,79.8536903,2
6.8873812,79.8544329,2
6.90058,79.8510675,2
6.897826,79.8518527,2
6.8960871,79.8522709,2
6.8951703,79.8525486,2
6.8939813,79.8529747,2
6.8933,79.8531892,2
6.892593,79.8533674,2
6.8917698,79.8535253,2
6.8873888,79.8544682,2
6.8607281,79.8600994,2
6.859563,79.8602109,2
6.8591223,79.860259,2
6.8587534,79.8603059,2
6.8580344,79.8604307,2
6.8564876,79.860732,2
6.8541571,79.8613171,2
6.8533222,79.8615398,2
6.8529387,79.8616283,2
6.8525772,79.8617025,2
6.8518881,79.8618442,2
6.8511545,79.8619917,2
6.8499707,79.8622291,2
6.8484328,79.8625536,2
6.848028,79.8626314,2
6.8476614,79.8626909,2
6.8471985,79.8627481,2
6.8467711,79.8627763,2
6.846044,79.8627886,2
6.8449815,79.8628031,2
6.8443164,79.8628115,2
6.8428949,79.8628312,2
6.8425341,79.8628366,2
6.8421827,79.862866,2
6.8414569,79.8629573,2
6.8260373,79.8635817,2
6.8242988,79.8639088,2
6.8234253,79.8640832,2
6.8231296,79.8641542,2
6.8228241,79.864246,2
6.8201439,79.865106,2
6.8175842,79.8659543,2
6.8156032,79.866584,2
6.8144126,79.8669474,2
6.8129159,79.8674235,2
6.8114977,79.8678781,2
6.8105237,79.8682423,2
6.809383,79.8686921,2
6.8082578,79.8691481,2
6.8071685,79.8695679,2
6.8066265,79.8697878,2
6.8062065,79.8699752,2
6.8055972,79.8702572,2
6.8053108,79.8703963,2
6.8050282,79.8705496,2
6.804673,79.8707239,2
6.8041923,79.8709654,2
6.8137086,79.8727436,2
6.8137379,79.8731996,2
6.8137433,79.8739747,2
6.809383,79.8686921,16
6.8082578,79.8691481,16
6.8071685,79.8695679,16
6.8066265,79.8697878,16
6.8062065,79.8699752,16
6.8055972,79.8702572,16
6.8053108,79.8703963,16
6.8050282,79.8705496,16
6.804673,79.8707239,16
6.8041923,79.8709654,16
6.8038988,79.8710922,16
6.8035158,79.8712456,16
6.8031898,79.8713546,16
6.802802,79.8714709,16
6.8015604,79.8718298,16
6.7988179,79.8725697,16
6.7982676,79.8727418,16
6.7977065,79.8729228,16
6.7970059,79.873093,16
6.7962974,79.8732296,16
6.7948528,79.8735031,16
6.7948528,79.8735031,16
6.7947134,79.8735284,16
6.7948595,79.8735387,16
6.7947202,79.8735639,16
6.7977065,79.8729228,2
6.7970059,79.873093,2
6.7962974,79.8732296,2
6.7948528,79.8735031,2
6.7948528,79.8735031,2
6.7947134,79.8735284,2
6.7866285,79.8754509,2
6.7843974,79.8760161,2
6.7818336,79.876665,2
6.7811494,79.8768489,2
6.7804223,79.877097,2
6.7789051,79.8776493,2
6.7784193,79.8778386,2
6.7779355,79.8780787,2
6.7774947,79.8783574,2
6.7771,79.8786572,2
6.7767747,79.8789652,2
6.7764415,79.8793232,2
6.7760862,79.8797509,2
6.7948595,79.8735387,2
6.7947202,79.8735639,2
6.7977809,79.8729914,2
6.7970135,79.8731284,2
6.7963041,79.8732652,2
6.7948595,79.8735387,2
6.7843974,79.8760161,10
6.7818336,79.876665,10
6.7811494,79.8768489,10
6.7804223,79.877097,10
6.7789051,79.8776493,10
6.7784193,79.8778386,10
6.7779355,79.8780787,10
6.7774947,79.8783574,10
6.7771,79.8786572,10
6.7767747,79.8789652,10
6.7764415,79.8793232,10
6.7760862,79.8797509,10
6.7758091,79.8801631,10
6.7755386,79.8805365,10
6.7753547,79.8807522,10
6.7751789,79.8809359,10
6.774818,79.8812839,10
6.7743618,79.881688,10
6.7635202,79.8841427,10
6.7645124,79.8837993,10
6.7655725,79.8834562,10
6.766112,79.8832845,10
6.7666405,79.8831445,10
6.7670875,79.8830384,10
6.7673932,79.8829801,10
6.7155201,79.9034096,2
6.7170158,79.9024146,2
6.7170158,79.9024146,2
6.7177137,79.9019572,2
6.7183291,79.9015944,2
6.7196117,79.9008508,2
6.7208632,79.9001234,2
6.7216321,79.8996988,2
6.7221551,79.8994341,2
6.7226866,79.8992182,2
6.7155201,79.9034096,2
6.7151315,79.9036616,2
6.7146853,79.9039594,2
6.7144172,79.9040962,2
6.7141939,79.9041863,2
6.7140243,79.9042546,2
6.7138925,79.9043,2
6.7136221,79.9043555,2
6.7129152,79.9044435,2
6.7124685,79.9044746,2
6.7122556,79.904486,2
6.7116735,79.9045173,2
6.7109104,79.9045414,2
6.7106581,79.9045528,2
6.7088941,79.9046286,2
6.6531827,79.9329497,2
6.6542497,79.932424,2
6.6545205,79.932289,2
6.6552535,79.9319235,2
6.6562629,79.9314836,2
6.6568693,79.9312448,2
6.6574754,79.9310055,2
6.6579382,79.9308227,2
6.6584643,79.9306121,2
6.6597361,79.9300658,2
6.6609606,79.9295218,2
6.6614393,79.9293094,2
6.6616777,79.9292036,2
6.6632105,79.9285234,2
6.6641437,79.9281144,2
6.6645737,79.927927,2
6.6652141,79.927648,2
6.6658439,79.9273982,2
6.667278,79.9267424,2
6.6696109,79.9257071,2
6.6719889,79.9247251,2
6.6731953,79.9241608,2
6.6614393,79.9293094,2
6.6610629,79.9295258,2
6.673215,79.9242014,2
6.551104,79.966663,2
6.5531092,79.9658002,2
6.5535822,79.9655995,2
6.5539499,79.9655003,2
6.554271,79.9654426,2
6.554613,79.965408,2
6.5550078,79.9654145,2
6.5554118,79.965453,2
6.5562495,79.9656465,2
6.5569404,79.9658008,2
6.5578297,79.9659952,2
6.558344,79.9660984,2
6.5588455,79.9661564,2
6.5590434,79.9661789,2
6.5593019,79.9661776,2
6.559567,79.9661454,2
6.5601827,79.9659991,2
6.5607929,79.9658462,2
6.5613224,79.9657227,2
6.561776,79.965629,2
6.5624054,79.9655664,2
6.5634051,79.9655103,2
6.5641103,79.965473,2
6.5648103,79.9654476,2
6.5653226,79.9654212,2
6.4991907,79.9810622,66
6.499335,79.981027,66
6.4996929,79.9809276,66
6.5006235,79.9806682,66
6.5009699,79.9805751,66
6.5012638,79.9805309,66
6.5013344,79.9805282,66
6.5014847,79.9805226,66
6.5017641,79.9805388,66
6.5019187,79.980559,66
6.5020544,79.9805923,66
6.5026781,79.9808073,66
6.5037565,79.9811551,66
6.5044241,79.9813162,66
6.5048756,79.9814195,66
6.5057567,79.9816143,66
6.5066489,79.9818115,66
6.5073774,79.981978,66
6.5079562,79.9820952,66
6.5083132,79.982175,66
6.5088006,79.9822656,66
6.5091353,79.9823225,66
6.509381,79.9823535,66
6.5095404,79.9823614,66
6.5097922,79.982352,66
6.4739126,79.984392,2
6.4740991,79.984337,2
6.4740991,79.984337,2
6.4750327,79.9840324,2
6.4752992,79.9839569,2
6.4758184,79.9837926,2
6.4760483,79.983733,2
6.4763785,79.9836881,2
6.4766611,79.9836739,2
6.4768931,79.9836883,2
6.4773627,79.9837384,2
6.4781779,79.9838581,2
6.4788278,79.9839797,2
6.4794279,79.9840901,2
6.480776,79.9843308,2
6.4811624,79.9843994,2
6.4813967,79.9844294,2
6.4816072,79.9844486,2
6.4818198,79.9844458,2
6.4820177,79.9844307,2
6.4822044,79.9844049,2
6.4825176,79.9843485,2
6.4827985,79.9842979,2
6.4832043,79.9842154,2
6.4833938,79.9841763,2
6.4564919,79.9913316,38
6.4566916,79.9912466,38
6.4566916,79.9912466,38
6.4580438,79.9906865,38
6.4624426,79.9889069,38
6.466927,79.9870535,38
6.4514073,79.993398,38
6.4528946,79.9927914,38
6.4543128,79.9922176,38
6.4554665,79.9917427,38
6.4564919,79.9913316,38
6.4219277,79.9966341,2
6.4221857,79.9966032,2
6.4224195,79.996592,2
6.4226521,79.9965884,2
6.4229763,79.9966159,2
6.4233438,79.9966917,2
6.4237534,79.9968165,2
6.4241087,79.996972,2
6.4243926,79.9971258,2
6.4246116,79.9972389,2
6.4254737,79.997684,2
6.425807,79.9978889,2
6.4319438,80.000337,2
6.4312964,80.0003745,2
6.4312918,80.000433,2
6.4319479,80.0004436,2
6.4322488,80.0004302,2
6.432363,80.0004211,2
6.4328529,80.0003643,2
6.433023,80.0003419,2
6.433008,80.0002344,2
6.4328414,80.0002463,2
6.4323508,80.0002961,2
6.4322473,80.0003088,2
6.4319438,80.000337,2
6.4110694,79.9997682,40
6.411482,79.9995546,40
6.4116326,79.9994766,40
6.411683,79.9994508,40
6.4125174,79.9990232,40
6.4128063,79.9988734,40
6.4128552,79.998852,40
6.4132611,79.9986408,40
6.4137889,79.9983662,40
6.4138431,79.9983438,40
6.4147641,79.997889,40
6.4149873,79.9978074,40
6.4152376,79.9977201,40
6.4156735,79.9976092,40
6.4158921,79.9975729,40
6.4164458,79.9974809,40
6.4167741,79.9974458,40
6.4177081,79.9973052,40
6.4182379,79.9972133,40
6.4195896,79.996979,40
6.4200359,79.9969016,40
6.4201062,79.9968894,40
6.4219277,79.9966341,40
6.4221857,79.9966032,40
6.4224195,79.996592,40
6.3760002,80.0100833,2
6.3762215,80.0100822,2
6.3968627,80.0064561,2
6.3971528,80.0063868,2
6.3971528,80.0063868,2
6.3982327,80.0061093,2
6.3988181,80.0059696,2
6.3763248,80.0100831,2
6.3764676,80.0100848,2
6.3766878,80.0101001,2
6.3769522,80.010147,2
6.3772508,80.0102234,2
6.377512,80.0103106,2
6.3778625,80.0104353,2
6.3781923,80.0105372,2
6.3784916,80.0105962,2
6.3787969,80.0106373,2
6.3791154,80.0106472,2
6.3794326,80.0106298,2
6.3797016,80.0105937,2
6.3801469,80.0104983,2
6.3807925,80.0103423,2
6.3815736,80.0101412,2
6.3820344,80.0100307,2
6.3839441,80.009581,2
6.3277258,80.033954,2
6.3287997,80.0336793,2
6.3305778,80.033218,2
6.3319226,80.0328885,2
6.3325366,80.0327428,2
6.3336011,80.0324475,2
6.3339487,80.0323275,2
6.3342705,80.0321876,2
6.3345939,80.0320137,2
6.3348771,80.0318338,2
6.3353917,80.0314863,2
6.3360441,80.0310555,2
6.3363906,80.0308275,2
6.3375503,80.0300751,2
6.3385525,80.0294246,2
6.3386486,80.0293564,2
6.3390838,80.0289949,2
6.3392644,80.0288245,2
6.3394572,80.0286059,2
6.3399049,80.0280583,2
6.3402523,80.0276605,2
6.3406151,80.0272938,2
6.3408772,80.0270784,2
6.3411407,80.0268912,2
6.3413664,80.0267478,2
6.3187919,80.0361912,26
6.32095,80.0356239,26
6.3230243,80.035103,26
6.324361,80.0347804,26
6.3253919,80.0345224,26
6.3260383,80.034359,26
6.3274076,80.0340309,26
6.3277258,80.033954,26
6.3287997,80.0336793,26
6.3305778,80.033218,26
6.3319226,80.0328885,26
6.3325366,80.0327428,26
6.3336011,80.0324475,26
6.3339487,80.0323275,26
6.3342705,80.0321876,26
6.3345939,80.0320137,26
6.3348771,80.0318338,26
6.3353917,80.0314863,26
6.3360441,80.0310555,26
6.3363906,80.0308275,26
6.3375503,80.0300751,26
6.3385525,80.0294246,26
6.3386486,80.0293564,26
6.3390838,80.0289949,26
6.3392644,80.0288245,26
6.2694283,80.0446483,38
6.2719107,80.0428257,38
6.2721336,80.042651,38
6.2724136,80.0424917,38
6.2725829,80.0424176,38
6.272859,80.0423198,38
6.2731121,80.0422621,38
6.2733203,80.0422377,38
6.2736412,80.0422248,38
6.2738813,80.0422352,38
6.2740631,80.0422621,38
6.2743485,80.0423361,38
6.2746838,80.0424713,38
6.274993,80.0426346,38
6.2752024,80.0427373,38
6.2754017,80.0428406,38
6.2764091,80.0433629,38
6.2767572,80.0435489,38
6.2775986,80.0439552,38
6.2690688,80.0449219,38
6.2694283,80.0446483,38
6.274993,80.0426346,38
6.2752024,80.0427373,38
6.2560056,80.0515365,38
6.2565791,80.0514138,38
6.238852,80.0550698,2
6.239172,80.0551905,2
6.2397342,80.0554555,2
6.2398864,80.0555251,2
6.2401695,80.0556423,2
6.2404268,80.0557096,2
6.2407387,80.0557603,2
6.24108,80.055771,2
6.2413471,80.0557448,2
6.2416526,80.0556795,2
6.2418978,80.0555988,2
6.2422005,80.0554429,2
6.2425265,80.0552305,2
6.2429477,80.0549134,2
6.243269,80.0547287,2
6.2435717,80.0546083,2
6.2438096,80.0545327,2
6.2439445,80.0544899,2
6.2445357,80.0543522,2
6.2451944,80.0541988,2
6.245403,80.0541477,2
6.2464246,80.0538975,2
6.247602,80.0535948,2
6.248735,80.0533222,2
6.2494184,80.053153,2
6.2291756,80.0544697,52
6.229517,80.054373,52
6.2298201,80.0543293,52
6.229991,80.0543141,52
6.2303787,80.0542837,52
6.2306859,80.0542808,52
6.2310053,80.0543199,52
6.2312942,80.0543988,52
6.2321528,80.0547031,52
6.2327695,80.0548982,52
6.2331259,80.0550026,52
6.233413,80.0550495,52
6.2337156,80.0550696,52
6.2338985,80.0550715,52
6.2339742,80.0550699,52
6.2345089,80.0550589,52
6.2353149,80.0550417,52
6.2366579,80.0549999,52
6.2372365,80.0550012,52
6.2377618,80.0549865,52
6.2381364,80.0550039,52
6.2383737,80.0550174,52
6.2385633,80.05504,52
6.238852,80.0550698,52
6.239172,80.0551905,52
6.2011402,80.0644352,2
6.2024424,80.0644245,2
6.2029743,80.0644231,2
6.203733,80.0644111,2
6.2041983,80.0643682,2
6.2045952,80.0643043,2
6.2051236,80.0641549,2
6.2055276,80.0639994,2
6.2060916,80.0637819,2
6.2071377,80.0633603,2
6.2079154,80.0630364,2
6.2085562,80.062778,2
6.209,80.0625984,2
6.2105912,80.0619689,2
6.2115538,80.061584,2
6.2122502,80.0613096,2
6.2128743,80.0610643,2
6.2146015,80.060377,2
6.2157548,80.0599063,2
6.2160534,80.0597816,2
6.2163734,80.0596265,2
6.2170213,80.0592934,2
6.2176149,80.0589838,2
6.2194107,80.0580912,2
6.2198184,80.0578879,2
6.1840899,80.0731884,68
6.1876184,80.0694489,68
6.1878405,80.0692129,68
6.1892813,80.0676824,68
6.1911737,80.0656722,68
6.1914903,80.0653478,68
6.1917552,80.0651101,68
6.1921065,80.0648773,68
6.1923076,80.0647685,68
6.1925144,80.0646815,68
6.1928609,80.0645713,68
6.1931449,80.0645083,68
6.1934075,80.0644801,68
6.1936642,80.0644723,68
6.1943235,80.0644654,68
6.1949256,80.0644664,68
6.1964714,80.0644654,68
6.196934,80.064464,68
6.1970527,80.0644627,68
6.1979355,80.064472,68
6.2011402,80.0644352,68
6.2024424,80.0644245,68
6.2029743,80.0644231,68
6.203733,80.0644111,68
6.196934,80.064464,68
6.1594183,80.0944543,24
6.1608579,80.0936572,24
6.1619886,80.093043,24
6.1630019,80.0924845,24
6.1637467,80.0920896,24
6.1665599,80.0905726,24
6.167578,80.0900121,24
6.1683337,80.089574,24
6.1686687,80.0893496,24
6.1689513,80.0891095,24
6.1691433,80.0889326,24
6.169396,80.0886817,24
6.1694881,80.0885991,24
6.172636,80.0852753,24
6.1742813,80.0835332,24
6.1757603,80.0819745,24
6.1481795,80.0998918,2
6.1487415,80.0998732,2
6.1491224,80.0998481,2
6.1494909,80.0997794,2
6.1497896,80.0996721,2
6.1499961,80.0995625,2
6.1503376,80.0994012,2
6.1508122,80.0991472,2
6.1512873,80.0988899,2
6.1525043,80.0982384,2
6.153063,80.0979112,2
6.1540217,80.0973908,2
6.1549038,80.0969151,2
6.1555282,80.0965549,2
6.1570872,80.0957386,2
6.1585792,80.0949123,2
6.1587486,80.0948251,2
6.1594183,80.0944543,2
6.1608579,80.0936572,2
6.1619886,80.093043,2
6.1630019,80.0924845,2
6.1637467,80.0920896,2
6.1665599,80.0905726,2
6.167578,80.0900121,2
6.1683337,80.089574,2
6.1306471,80.102825,40
6.1309525,80.1025447,40
6.1312063,80.1023556,40
6.131509,80.1021723,40
6.1318232,80.1020203,40
6.1319802,80.101955,40
6.1321712,80.1018795,40
6.1481795,80.0998918,40
6.1487415,80.0998732,40
6.1491224,80.0998481,40
6.1494909,80.0997794,40
6.1497896,80.0996721,40
6.1499961,80.0995625,40
6.1503376,80.0994012,40
6.1508122,80.0991472,40
6.1512873,80.0988899,40
6.1525043,80.0982384,40
6.153063,80.0979112,40
6.1479002,80.0999018,40
6.1481795,80.0998918,40
6.1386277,80.1003542,40
6.1387321,80.1003463,40
6.1387321,80.1003463,40
6.1393349,80.1003188,40
6.1397571,80.100301,40
6.1147698,80.121913,2
6.1158751,80.1208132,2
6.1163539,80.1203666,2
6.116937,80.1198047,2
6.1193595,80.1174457,2
6.120382,80.1164511,2
6.1206623,80.1161784,2
6.121321,80.1155427,2
6.1218891,80.114956,2
6.1221264,80.1147005,2
6.1223608,80.1144039,2
6.1232839,80.1131046,2
6.1242862,80.1116844,2
6.1257067,80.1097062,2
6.1271168,80.1077002,2
6.1289399,80.1051476,2
6.1016134,80.1286404,38
6.1019815,80.128369,38
6.1022802,80.1281904,38
6.1026123,80.1280418,38
6.1030003,80.1279198,38
6.1034102,80.1278206,38
6.1037438,80.1277179,38
6.1041306,80.1276145,38
6.1050219,80.1273833,38
6.1058593,80.1271762,38
6.1071983,80.1268328,38
6.1076037,80.1267359,38
6.1093448,80.1262723,38
6.1098078,80.1261495,38
6.1101371,80.1260365,38
6.1104777,80.1258792,38
6.1107776,80.1257141,38
6.111016,80.1255447,38
6.1112504,80.1253413,38
6.1115786,80.1250225,38
6.1119534,80.1246555,38
6.1123469,80.1242679,38
6.1136223,80.123032,38
6.1147698,80.121913,38
6.1158751,80.1208132,38
6.0918346,80.1419067,2
6.0926696,80.1408574,2
6.0933353,80.1400164,2
6.0948992,80.1381041,2
6.0958167,80.1369561,2
6.0964212,80.1362022,2
6.0967942,80.1357397,2
6.0971262,80.13532,2
6.0974916,80.1348372,2
6.0977036,80.1344795,2
6.097889,80.1340768,2
6.0980423,80.1336409,2
6.0982524,80.1329228,2
6.0984972,80.1320519,2
6.0985354,80.131916,2
6.0987224,80.1313704,2
6.0988747,80.1310219,2
6.0990693,80.130719,2
6.099267,80.1304675,2
6.0994559,80.1302747,2
6.0996653,80.1301061,2
6.0999108,80.1299362,2
6.1002826,80.12969,2
6.1006141,80.1294689,2
6.1010974,80.1290718,2
6.084643,80.1478633,26
6.0852964,80.1471043,26
6.0858565,80.1464739,26
6.0861872,80.1461615,26
6.0864775,80.1459466,26
6.0868994,80.1457377,26
6.0872634,80.1455741,26
6.0880176,80.1453067,26
6.0885783,80.1450993,26
6.0890122,80.1449168,26
6.0893531,80.1447318,26
6.0896785,80.1444931,26
6.0899751,80.1442125,26
6.09092,80.1430595,26
6.0918346,80.1419067,26
6.0926696,80.1408574,26
6.0933353,80.1400164,26
6.0948992,80.1381041,26
6.0958167,80.1369561,26
6.0964212,80.1362022,26
6.0967942,80.1357397,26
6.0971262,80.13532,26
6.0974916,80.1348372,26
6.0977036,80.1344795,26
6.097889,80.1340768,26
6.0673372,80.1705554,2
6.0676671,80.1701382,2
6.0679777,80.1696932,2
6.0686344,80.1688076,2
6.068895,80.1685051,2
6.0693416,80.167927,2
6.0702031,80.1668118,2
6.0717172,80.1647861,2
6.0722595,80.1640357,2
6.0726498,80.1634301,2
6.0728396,80.1630527,2
6.0732311,80.1622557,2
6.0738123,80.1610723,2
6.0749373,80.1589194,2
6.0759604,80.1568923,2
6.0773083,80.1542319,2
6.0781039,80.1526421,2
6.0783618,80.1521723,2
6.078669,80.151726,2
6.0789186,80.1514098,2
6.0794621,80.1508325,2
6.0735011,80.1616204,2
6.0732311,80.1622557,2
6.0743266,80.1599842,2
6.0741372,80.1603088,2
6.0539061,80.1884957,24
6.053968,80.1881613,24
6.0540512,80.1878624,24
6.0541475,80.1876151,24
6.0542748,80.187343,24
6.0544175,80.18708,24
6.0545633,80.186866,24
6.0547604,80.1866321,24
6.0549947,80.1863831,24
6.0559388,80.1856061,24
6.0567071,80.185009,24
6.0568491,80.1848637,24
6.0570025,80.1846706,24
6.0575986,80.1838834,24
6.0577953,80.1836312,24
6.0579605,80.1833931,24
6.0581127,80.1831243,24
6.058216,80.1829055,24
6.0582774,80.1827314,24
6.0583473,80.1824831,24
6.0583588,80.1824377,24
6.0584341,80.1821761,24
6.0585618,80.1818341,24
6.0587168,80.1814922,24
6.0589332,80.181138,24
6.0538425,80.1950688,2
6.0536804,80.1946243,2
6.0535906,80.1943165,2
6.0535351,80.1940342,2
6.0534911,80.193714,2
6.0534937,80.1933315,2
6.0535174,80.1929408,2
6.0535353,80.1926936,2
6.0535596,80.1924462,2
6.0535677,80.1923642,2
6.0537103,80.1908071,2
6.0538127,80.1894902,2
6.0538565,80.1889568,2
6.0539061,80.1884957,2
6.053968,80.1881613,2
6.0540512,80.1878624,2
6.0541475,80.1876151,2
6.0542748,80.187343,2
6.0544175,80.18708,2
6.0545633,80.186866,2
6.0547604,80.1866321,2
6.0549947,80.1863831,2
6.0559388,80.1856061,2
6.0567071,80.185009,2
6.0568491,80.1848637,2
6.0538425,80.1950688,28
6.0536804,80.1946243,28
6.0535906,80.1943165,28
6.0535351,80.1940342,28
6.0534911,80.193714,28
6.0534937,80.1933315,28
6.0539289,80.1953004,28
6.0538948,80.1952037,28
6.0538425,80.1950688,28
6.0444633,80.2116382,28
6.0450651,80.2113787,28
6.0453652,80.2112204,28
6.0455853,80.211093,28
6.0458453,80.2109241,28
6.046301,80.2106525,28
6.0471789,80.2101236,28
6.0475764,80.2098941,28
6.0479311,80.2097157,28
6.0484691,80.209471,28
6.0489407,80.2092584,28
6.0495222,80.2089768,28
6.0499823,80.2087702,28
6.0502717,80.2086066,28
6.0505727,80.2084198,28
6.0509158,80.2081735,28
6.0419411,80.2175191,2
6.0418898,80.2174403,2
6.0417149,80.2170448,2
6.0411408,80.2160728,2
6.0407481,80.2154349,2
6.0405917,80.2152067,2
6.0404898,80.2150861,2
6.0403693,80.2149622,2
6.0402002,80.2148215,2
6.0399307,80.2146405,2
6.0397278,80.214529,2
6.039473,80.214433,2
6.0334776,80.2143332,2
6.0337403,80.214293,2
6.0340457,80.2142474,2
6.0344072,80.2141964,2
6.0348726,80.2141428,2
6.0352624,80.2141216,2
6.0354661,80.2141106,2
6.0356529,80.2141074,2
6.0357835,80.2141052,2
6.0360569,80.2141334,2
6.0364009,80.2142104,2
6.0365717,80.2142581,2
6.0369127,80.2143349,2
6.0342178,80.2390141,38
6.0344869,80.2387993,38
6.0349837,80.2383979,38
6.0353937,80.2380522,38
6.035808,80.237722,38
6.0361018,80.2374675,38
6.0364558,80.237204,38
6.0367303,80.2369878,38
6.0370127,80.2367708,38
6.0373902,80.2364495,38
6.0375386,80.2363389,38
6.0376723,80.2362248,38
6.0378846,80.2360317,38
6.0381,80.2357827,38
6.0382104,80.2356511,38
6.0383591,80.2354169,38
6.0385741,80.234939,38
6.0386037,80.2348499,38
6.0386816,80.2346203,38
6.0387284,80.2344339,38
6.0388642,80.2338937,38
6.0390307,80.2331374,38
6.039208,80.232346,38
6.0392527,80.2321451,38
6.0392952,80.2318983,38
6.0301086,80.2423532,2
6.0300293,80.2424106,2
6.0294876,80.2428377,2
6.0290514,80.2431992,2
6.0267903,80.2450181,2
6.0265773,80.2451957,2
6.0265773,80.2451957,2
6.0264865,80.2452677,2
6.0262158,80.2454823,2
6.0252727,80.2462394,2
6.0248316,80.246615,2
6.0244005,80.2469717,2
6.0239871,80.247307,2
6.0233069,80.2478273,2
6.0230322,80.2480615,2
6.022656,80.248471,2
6.0220278,80.2491475,2
6.0218187,80.2493765,2
6.021626,80.249602,2
6.0213744,80.2498644,2
6.0211445,80.2500703,2
6.0208929,80.2502775,2
6.0205947,80.2504792,2
6.01957,80.2510742,2
6.0181721,80.2518761,2
5.9946463,80.2981102,2
5.9945512,80.2996045,2
5.9942939,80.3037449,2
5.9941419,80.3063152,2
5.9941229,80.3066555,2
5.9940796,80.307301,2
5.9940538,80.3077175,2
5.9940397,80.3081918,2
5.9940037,80.3086799,2
5.9939327,80.3096616,2
5.99389,80.3100932,2
5.9938394,80.3104254,2
5.9937523,80.310814,2
5.993179,80.3129645,2
5.99269,80.3146639,2
5.9917311,80.3181532,2
5.9946569,80.2978919,2
5.9946463,80.2981102,2
5.9947529,80.2970244,2
5.9946971,80.2973559,2
5.9946569,80.2978919,2
5.9840503,80.3368067,34
5.9842137,80.3364247,34
5.9843597,80.3360505,34
5.9843597,80.3360505,34
5.9844885,80.3357595,34
5.9845551,80.3355543,34
5.986007,80.3316701,34
5.9862794,80.3309797,34
5.9863466,80.3308091,34
5.9871081,80.328885,34
5.9874708,80.3279355,34
5.9878614,80.3270155,34
5.9908147,80.3213967,34
5.99065,80.3218229,34
5.9903196,80.3224641,34
5.9893085,80.3243455,34
5.9892522,80.3244494,34
5.9878614,80.3270155,34
5.9845551,80.3355543,34
5.9847656,80.335105,34
5.9860914,80.3315645,34
5.9862794,80.3309797,34
5.9816688,80.3423148,34
5.9818193,80.3420857,34
5.9819753,80.3418676,34
5.9840503,80.3368067,2
5.9842137,80.3364247,2
5.9843597,80.3360505,2
5.9843597,80.3360505,2
5.9844885,80.3357595,2
5.9845551,80.3355543,2
5.986007,80.3316701,2
5.9862794,80.3309797,2
5.9863466,80.3308091,2
5.9845551,80.3355543,2
5.9847656,80.335105,2
5.9860914,80.3315645,2
5.9862794,80.3309797,2
5.9786647,80.3512545,2
5.9787629,80.3509831,2
5.9788088,80.3508254,2
5.9788329,80.3507118,2
5.9788855,80.3503841,2
5.9789121,80.3500399,2
5.9789505,80.3495273,2
5.9789805,80.3490053,2
5.9789906,80.3486167,2
5.9790107,80.3482275,2
5.9790412,80.3476846,2
5.9790783,80.3471208,2
5.971728,80.3750273,44
5.9721694,80.3746721,44
5.9723532,80.3745124,44
5.9725131,80.374345,44
5.9726673,80.3741857,44
5.9727743,80.3740207,44
5.9728977,80.3738404,44
5.9730216,80.3736257,44
5.9731014,80.3734154,44
5.9731604,80.3732689,44
5.9732162,80.3730064,44
5.9732775,80.3727044,44
5.9732935,80.3724769,44
5.9732839,80.3721361,44
5.9732218,80.371748,44
5.9731511,80.3714249,44
5.9730861,80.3710964,44
5.9729092,80.3702661,44
5.9728976,80.3702108,44
5.9728135,80.3699088,44
5.9727428,80.3696594,44
5.9726498,80.3694422,44
5.9725322,80.3692348,44
5.9724122,80.3690248,44
5.9723215,80.3688392,44
5.9654408,80.4031894,2
5.9653329,80.4023778,2
5.9653206,80.4022852,2
5.9652133,80.4013105,2
5.9651333,80.4007087,2
5.9650626,80.4002905,2
5.964906,80.3999189,2
5.9647174,80.3995726,2
5.964482,80.3992728,2
5.964176,80.3989967,2
5.9636547,80.3986017,2
5.9633817,80.3982814,2
5.9631873,80.3980262,2
5.9629805,80.3976672,2
5.9628499,80.3972925,2
5.9627525,80.3968426,2
5.9627243,80.3963931,2
5.9627611,80.3960485,2
5.9628364,80.3956899,2
5.9629658,80.3953762,2
5.963196,80.3949528,2
5.9641171,80.3933978,2
5.9647543,80.3923289,2
5.9661407,80.3817364,2
5.9661351,80.3813262,2
5.9688089,80.4198183,24
5.9683202,80.4194426,24
5.9675512,80.4188242,24
5.9671365,80.4185244,24
5.9660518,80.417914,24
5.9640065,80.4168644,24
5.9637059,80.4166697,24
5.9634611,80.4164647,24
5.963259,80.4162513,24
5.9630731,80.4159907,24
5.962903,80.4157246,24
5.9628207,80.4155195,24
5.962744,80.4152599,24
5.9626935,80.414992,24
5.962674,80.41462,24
5.9626932,80.4142824,24
5.9627867,80.413884,24
5.9629054,80.4135868,24
5.963185,80.4130596,24
5.9633176,80.4127337,24
5.9633751,80.4125096,24
5.963424,80.4122615,24
5.9635087,80.4113822,24
5.9636481,80.4100375,24
5.9637786,80.4087432,24
5.9704342,80.4211179,2
5.9697227,80.4205503,2
5.9694316,80.4203162,2
5.9734642,80.4406342,2
5.9735508,80.4403941,2
5.9738182,80.4396873,2
5.9741436,80.4388838,2
5.9741696,80.4388162,2
5.9745338,80.43787,2
5.9748554,80.4370581,2
5.9750585,80.4365375,2
5.9751535,80.4362605,2
5.9752309,80.4359789,2
5.9752842,80.4356745,2
5.9753652,80.4353578,2
5.9753618,80.4349096,2
5.9754111,80.4343499,2
5.9754612,80.4336739,2
5.9754929,80.4330835,2
5.975538,80.4321164,2
5.9755594,80.431672,2
5.9756193,80.4303013,2
5.9756587,80.4294529,2
5.9756868,80.4289662,2
5.9757097,80.4283882,2
5.9664939,80.4550938,24
5.9668343,80.4544327,24
5.9668343,80.4544327,24
5.9673059,80.453448,24
5.9678429,80.4523388,24
5.9681683,80.4517944,24
5.9683857,80.4514982,24
5.9686342,80.4512017,24
5.9689859,80.4508437,24
5.9693528,80.450426,24
5.9695541,80.4501731,24
5.9697106,80.449959,24
5.9699384,80.4495681,24
5.9701183,80.4492156,24
5.9702479,80.4488992,24
5.9706088,80.4479705,24
5.95827,80.4670126,24
5.9587593,80.4655603,24
5.9589542,80.4650514,24
5.9591328,80.4647664,24
5.9597711,80.4641284,24
5.960514,80.463483,24
5.9608198,80.4632261,24
5.9610321,80.4630483,24
5.9612776,80.4627467,24
5.9507708,80.4833732,2
5.9509368,80.4830771,2
5.9512201,80.4825651,2
5.951409,80.4823087,2
5.9516384,80.4820566,2
5.9519652,80.4817816,2
5.9523988,80.4813672,2
5.9528726,80.4808579,2
5.9533378,80.4803721,2
5.9537718,80.479925,2
5.9542608,80.4794119,2
5.9546987,80.4789447,2
5.9551561,80.4784632,2
5.9554627,80.4781285,2
5.9556475,80.4778871,2
5.9558121,80.4775867,2
5.9559402,80.4772849,2
5.9560138,80.4769963,2
5.9560482,80.4767351,2
5.9560589,80.4763005,2
5.9560484,80.4756544,2
5.9560635,80.4753688,2
5.9561349,80.4750077,2
5.9562164,80.4747116,2
5.956335,80.4744002,2
5.9447866,80.5071674,46
5.9447119,80.506635,46
5.9447013,80.5062099,46
5.9447493,80.504622,46
5.9447586,80.5031414,46
5.9447823,80.5024526,46
5.9447693,80.5020873,46
5.9447213,80.5017748,46
5.9446346,80.5013967,46
5.9441594,80.499874,46
5.9439773,80.4993541,46
5.9437972,80.4987815,46
5.9435268,80.4979465,46
5.9434464,80.4976228,46
5.9433967,80.4972938,46
5.9433741,80.4968909,46
5.9433957,80.4965043,46
5.9434571,80.4960671,46
5.9436198,80.4951069,46
5.9436798,80.4947426,46
5.9436897,80.4946842,46
5.9438929,80.4930287,46
5.9439473,80.4925963,46
5.9440103,80.492212,46
5.9437972,80.4987815,46
5.9470227,80.5254435,2
5.9466061,80.5230961,2
5.9465311,80.522677,2
5.9463459,80.5217037,2
5.9458124,80.5189008,2
5.9456603,80.5180787,2
5.9455136,80.5173424,2
5.9454549,80.5170433,2
5.9453949,80.5167107,2
5.9453375,80.5162963,2
5.9453082,80.515839,2
5.9453202,80.5153777,2
5.9453936,80.5146013,2
5.9455313,80.5135551,2
5.9455913,80.5130857,2
5.9456509,80.512553,2
5.9457407,80.511695,2
5.9457805,80.5112816,2
5.94577,80.5109735,2
5.9457273,80.510598,2
5.945658,80.5102573,2
5.9454874,80.5095541,2
5.9451243,80.5082942,2
5.9447866,80.5071674,2
5.9447119,80.506635,2
