station,countAccidents,lat,lon
Fort,32,6.9340391,79.850372
Maradana,24,6.9292373,79.865796
Dematagoda,1,6.9374165,79.8790233
Kelaniya,5,6.9610592,79.8944725
Wanawasala,1,6.9755695,79.899258
Hunupitiya,33,6.9877406,79.9004906
Enderamulla,1,7.0004396,79.9068341
Horape,14,7.0165896,79.918322
Ragama,1,7.0299493,79.921428
Walpola,16,7.0472812,79.9311044
Bulugahagoda,19,7.0656313,79.9453578
Ganemulla,1,7.0684316,79.96067805000001
Yagoda,13,7.0747267,79.9739
Gampaha,1,7.0926162999999995,79.99274860923819
Daraluwa,17,7.1070543,80.0104022
Bemmulla,1,7.1224062,80.0204927
Veyangoda,29,7.1528888,80.0584325
Keenawala,19,7.1854854,80.0743794
Pallewala,1,7.1982159,80.0897136
Ganegoda,28,7.21302,80.1051152
Wijayarajadahana,1,7.2309324,80.1184778
Botale,22,7.2567498,80.1532119
Alawwa,21,7.2933377,80.2387243
Tismalpola,13,7.3217113,80.3431512
Yatagama,1,7.3186651,80.3641584
Rambukkana,30,7.3210536,80.3903192
Kadigamuwa,1,7.3180139,80.4334234
Ihalakotte,1,7.2887,80.469259
Kadugannawa,1,7.2577947,80.5208308
Peradeniya,1,7.25723245,80.59009599180636
Koshinna,16,7.2335885,80.5950939
Gampola,1,7.1621488,80.56703405014642
Nawalapitiya,1,7.0575474499999995,80.53507533708432
Inguruoya,1,7.01824515,80.54573515493539
Watawala,1,6.9620154,80.5262607
Hatton,1,6.893154,80.5979204
Kotagala,1,6.9275168,80.6081733
Talawakele,1,6.940092,80.6610284
watagoda,1,6.9688444,80.6529761
Radella,1,6.9448004,80.716728
Perakumpura,1,6.9198221,80.7536319
Ambewela,1,6.8773347,80.8143421
Pattipola,1,6.8558983,80.8306671
Ohiya,1,6.817752,80.8436555
Haputale,1,6.76830115,80.95757280013757
Bandarawela,1,6.8289592,80.9876495
Kinigama,1,6.8298161,81.0059772
Demodara,1,6.9028736,81.0629186
Uduwara,1,6.930429,81.0446442
Badulla,1,6.9798955,81.05967748819069
Kandy,16,7.2897057,80.6325461
Katugastota,18,7.3304389,80.6331868
Wattegama,16,7.3506962,80.6824572
Ukuwela,1,7.42025845,80.63423197480779
Matale,11,7.467978,80.6249611
Peralanda,1,7.0380791,79.9121475
Kandana,17,7.04929,79.9015367
Ja-Ela,16,7.077798400000001,79.8921473
Tudella,1,7.0929503,79.8909487
Kudahakapola,23,7.103881,79.889804
Seeduwa,14,7.1290592,79.8825145
Liyanagemulla,1,7.1472048,79.8781914
Katunayake,1,7.1674441,79.8718829
Kurana,1,7.1910954,79.862167
Negombo,7,7.21020605,79.84183638154965
kattuwa,1,7.2399344,79.8475421
Kochchikade,22,7.26426015,79.85714845000001
Lunuwila,11,7.346837949999999,79.86302325674407
Nattandiya,14,7.41436065,79.8662252
Walahapitiya,1,7.4391784,79.8591429
Kudawewa,12,7.4619937,79.8531594
Nelumpokuna,1,7.475414949999999,79.84504419376518
Madampe,29,7.496862699999999,79.8413861
Kakkapalliya,1,7.532751,79.8228083
Sawarana,11,7.5614974,79.805341
Chilaw,1,7.5755476,79.7910764
Manuwangama,28,7.6005521,79.8273142
Bangadeniya,1,7.6272658,79.828545
Madurankuliya,22,7.9020671,79.8204737
Palavi,13,7.9816689499999995,79.83281210338856
Puttalam,16,8.0226824,79.83784261593797
Noor Nagar,1,8.035971,79.8398157
Periyanagavillu,1,8.2280938,79.8675089
Girambe,17,7.3646656,80.3024553
Nailiya,1,7.4499947,80.3586472
Kurunegala,11,7.47704785,80.37424803370916
Wellawa,1,7.5597285,80.3661713
Ganewatte,1,7.6550423,80.3488215
Nagollagama,1,7.7535513,80.3146991
Timbiriyagedara,1,7.7813253,80.2977595
Randenigama,1,7.848542,80.2593862
Galgamuwa,1,8.0021668,80.2714997
Senarathgama,1,8.085871099999999,80.27770955
Thambuttegama,1,8.1543728,80.3038123
Talawa,1,8.231766,80.34833917729785
Srawasthipura,1,8.2988179,80.37699072352228
Anuradhapura,1,8.34623435,80.41108407482137
Mihintale Junction,1,8.359397399999999,80.41860269132093
Saliyapura,1,8.3899089,80.4222674
Parasangahawewa,1,8.4453686,80.43152814999999
Medawachchiya,1,8.5545118,80.458087
Vavuniya,1,8.753866,80.4936629
Mihintale,1,8.3585608,80.5017073293694
Kollupitiya,7,6.9113228,79.8481929
Bambalapitiya,1,6.8939813,79.8529747
Dehiwala,1,6.8512255,79.8642512
Rathmalana,1,6.8151872,79.8668707
Angulana,8,6.7988303,79.8727054
Lunawa,1,6.786652,79.8755526
Moratuwa,5,6.7743504,79.8817806
Panadura,1,6.712481349999999,79.90457251163255
Wadduwa,1,6.6632114,79.9285614
Katukurunda,1,6.5601827,79.9659991
Maggona,33,6.5048756,79.9814195
Beruwala,1,6.4768931,79.9836883
Hettimulla,19,6.4578453,79.9907635
Aluthgama,1,6.4323352,80.0002675
Bentota,20,6.4221857,79.9966032
Induruwa,1,6.3874272,80.0087108
kosgoda,1,6.3385525,80.0294246
Piyagama,13,6.3293476,80.0336688
Andadola,19,6.2663183,80.046979
Kandegoda,1,6.250272,80.0529491
Ambalangoda,26,6.2353754,80.0549325
Madampagama,1,6.2122502,80.0613096
Akurala,34,6.1921065,80.0648773
Telwatte,12,6.1691433,80.0889326
Seenigama,1,6.1587486,80.0948251
Hikkaduwa,20,6.1420637,80.1001719
Thiranagama,1,6.1223772,80.1144287
Kumarakanda,19,6.1123699,80.124281
Dodanduwa,1,6.0982524,80.1329228
Rathgama,13,6.0933353,80.1400164
Boossa,1,6.0738123,80.1610723
Ginthota,12,6.0608932,80.1792993
Piyadigama,1,6.0536664,80.19100174653434
Richmond Hill,14,6.0538956,80.2047937
Galle,1,6.03472495,80.21417817410725
Katugoda,19,6.0327634,80.2402032
Unawatuna,1,6.0220278,80.2491475
Habaraduwa,1,5.9939792,80.30837832991804
Koggala,17,5.985952299999999,80.33163470499483
Kathaluwa,1,5.9825774,80.34042395594136
Ahangama,22,5.973229099999999,80.36392056020001
Midigama,1,5.965211,80.3915605
Kumbalgama,12,5.9636147,80.4097062
weligama,1,5.9756587,80.4294529
Polwathumodara,12,5.9645666,80.457268
Mirissa,1,5.9567029,80.4735043
Kamburugamuwa,23,5.9434064,80.49579621615075
Walgama,1,5.9454027499999995,80.51419102773141
Fort,32,6.9328625,79.8539258
Fort,32,6.9329149,79.8537649
Fort,32,6.9329674,79.8536035
Fort,32,6.9330217,79.8534425
Fort,32,6.9331894,79.8528068
Fort,32,6.9332813,79.8522498
Fort,32,6.9328999,79.8539373
Fort,32,6.9329741,79.8537132
Fort,32,6.9330679,79.853414
Fort,32,6.933133,79.8532126
Fort,32,6.933263,79.8528372
Fort,32,6.9333839,79.8523442
Fort,32,6.9335877,79.8501653
Fort,32,6.9336868,79.8488299
Fort,32,6.9336931,79.8486129
Fort,32,6.9336834,79.8481654
Fort,32,6.9336109,79.8476805
Fort,32,6.9335595,79.8473673
Fort,32,6.9334975,79.8471627
Fort,32,6.933377,79.8469254
Maradana,24,6.9308887,79.8697401
Maradana,24,6.9307454,79.8693035
Maradana,24,6.9279933,79.8601544
Maradana,24,6.9278607,79.8604855
Maradana,24,6.9277941,79.8607832
Maradana,24,6.9277534,79.8610783
Maradana,24,6.9277619,79.861646
Maradana,24,6.9278936,79.8622366
Maradana,24,6.9282704,79.8635198
Maradana,24,6.9305935,79.869031
Maradana,24,6.930735,79.8694776
Maradana,24,6.9309759,79.870069
Maradana,24,6.931595,79.8716354
Maradana,24,6.9288405,79.8644371
Maradana,24,6.928957,79.8645745
Maradana,24,6.9291141,79.864723
Maradana,24,6.92923,79.8648901
Maradana,24,6.9296603,79.8659106
Maradana,24,6.9301546,79.8672662
Maradana,24,6.9304266,79.8682196
Dematagoda,1,6.9330203,79.8834773
Dematagoda,1,6.9334699,79.8836524
Dematagoda,1,6.9338711,79.8838428
Dematagoda,1,6.9342428,79.8840938
Dematagoda,1,6.9346538,79.8845879
Kelaniya,5,6.9571713,79.8898986
Kelaniya,5,6.9575293,79.89016
Kelaniya,5,6.9580116,79.8906127
Kelaniya,5,6.9583314,79.8910564
Kelaniya,5,6.9586596,79.8915659
Kelaniya,5,6.959239,79.8923065
Kelaniya,5,6.9596661,79.8927772
Kelaniya,5,6.960141,79.8933238
Kelaniya,5,6.9611077,79.8943892
Kelaniya,5,6.9613085,79.8946096
Kelaniya,5,6.9615044,79.8948212
Kelaniya,5,6.9616202,79.8949532
Kelaniya,5,6.9624323,79.895837
Kelaniya,5,6.962825,79.8962447
Kelaniya,5,6.9632177,79.8965827
Kelaniya,5,6.9634879,79.8967677
Kelaniya,5,6.9638121,79.8969639
Kelaniya,5,6.9641261,79.897097
Kelaniya,5,6.9644809,79.8972034
Kelaniya,5,6.9648105,79.8972814
Wanawasala,1,6.9698344,79.8981982
Wanawasala,1,6.9727501,79.8987701
Wanawasala,1,6.9751981,79.899207
Wanawasala,1,6.9755695,79.899258
Wanawasala,1,6.9797257,79.9000361
Hunupitiya,33,6.9814485,79.8999275
Hunupitiya,33,6.9831846,79.8995684
Hunupitiya,33,6.9841558,79.8994825
Hunupitiya,33,6.9846511,79.8994793
Hunupitiya,33,6.9850269,79.8995169
Hunupitiya,33,6.9862769,79.8997893
Hunupitiya,33,6.9868029,79.8999717
Hunupitiya,33,6.9871329,79.9001348
Hunupitiya,33,6.9877918,79.9004604
Hunupitiya,33,6.9879405,79.9005339
Hunupitiya,33,6.988125,79.9006576
Hunupitiya,33,6.9883382,79.9008004
Hunupitiya,33,6.9891191,79.9014358
Hunupitiya,33,6.9915022,79.9036287
Hunupitiya,33,6.9817481,79.8998354
Hunupitiya,33,6.9830739,79.8995354
Hunupitiya,33,6.9832966,79.8994884
Hunupitiya,33,6.9838508,79.8994389
Hunupitiya,33,6.9843454,79.8994154
Hunupitiya,33,6.9846652,79.8994328
Enderamulla,1,6.9946048,79.9064794
Enderamulla,1,6.9949198,79.9066698
Enderamulla,1,6.9951783,79.9068195
Enderamulla,1,6.9954061,79.9069308
Enderamulla,1,6.99565,79.9070339
Horape,14,7.0162229,79.9181077
Horape,14,7.0205845,79.9201077
Horape,14,7.0216159,79.9206073
Horape,14,7.0220462,79.9207932
Horape,14,7.0109076,79.9155677
Horape,14,7.0129661,79.9165121
Horape,14,7.0148097,79.9173808
Horape,14,7.016094,79.9179574
Horape,14,7.0162486,79.9180267
Horape,14,7.0169381,79.9183357
Horape,14,7.0184995,79.9190766
Horape,14,7.0206035,79.9200633
Horape,14,7.0216302,79.9205615
Horape,14,7.022067,79.9207594
Horape,14,7.0205602,79.9201405
Horape,14,7.0216015,79.9206457
Horape,14,7.022031,79.9208285
Ragama,1,7.0358712,79.92136
Ragama,1,7.035263,79.9211243
Ragama,1,7.0348548,79.9210472
Ragama,1,7.0345077,79.9210213
Ragama,1,7.03414,79.9210189
Walpola,16,7.0505974,79.9335612
Walpola,16,7.0481047,79.9316273
Walpola,16,7.0472812,79.9311044
Walpola,16,7.046604,79.9307131
Walpola,16,7.0461573,79.9305098
Walpola,16,7.0450902,79.9300812
Walpola,16,7.0443537,79.9298748
Walpola,16,7.0430114,79.9296332
Walpola,16,7.0423929,79.9295921
Walpola,16,7.0417405,79.9295792
Walpola,16,7.0429419,79.9296523
Walpola,16,7.0434805,79.9297462
Walpola,16,7.0442443,79.9298819
Walpola,16,7.0448165,79.9300462
Walpola,16,7.0453809,79.9302367
Walpola,16,7.0461473,79.9305367
Walpola,16,7.0465899,79.9307459
Walpola,16,7.0473746,79.9312072
Walpola,16,7.0480167,79.9316037
Walpola,16,7.048519,79.9319898
Bulugahagoda,19,7.0677929,79.9506603
Bulugahagoda,19,7.0680108,79.9499808
Bulugahagoda,19,7.0680909,79.949615
Bulugahagoda,19,7.0681027,79.9492728
Bulugahagoda,19,7.0681168,79.9488448
Bulugahagoda,19,7.0680669,79.9484393
Bulugahagoda,19,7.0679836,79.9480863
Bulugahagoda,19,7.0678706,79.9477666
Bulugahagoda,19,7.0677606,79.9475315
Bulugahagoda,19,7.0676677,79.9473427
Bulugahagoda,19,7.0674457,79.9469916
Bulugahagoda,19,7.067199,79.9466708
Bulugahagoda,19,7.0669054,79.9463962
Bulugahagoda,19,7.0668139,79.9463044
Bulugahagoda,19,7.0666757,79.9461862
Bulugahagoda,19,7.0662294,79.9458128
Bulugahagoda,19,7.0656313,79.9453578
Bulugahagoda,19,7.062191,79.9426786
Bulugahagoda,19,7.06145,79.9421289
Bulugahagoda,19,7.0621771,79.942709
Ganemulla,1,7.0675416,79.9668811
Ganemulla,1,7.0675466,79.9664293
Ganemulla,1,7.0676212,79.9657745
Ganemulla,1,7.0683911,79.9613695
Ganemulla,1,7.0685069,79.96072
Yagoda,13,7.0761527,79.9756783
Yagoda,13,7.0755138,79.9746591
Yagoda,13,7.0751763,79.974243
Yagoda,13,7.0751035,79.9741446
Yagoda,13,7.0750375,79.9740726
Yagoda,13,7.0747579,79.9738051
Yagoda,13,7.0743543,79.9734138
Yagoda,13,7.0739061,79.9730927
Yagoda,13,7.0711707,79.9710474
Yagoda,13,7.0751763,79.974243
Yagoda,13,7.0751035,79.9741446
Yagoda,13,7.070961,79.9708906
Yagoda,13,7.0711707,79.9710474
Yagoda,13,7.070961,79.9708906
Gampaha,1,7.0912243,79.9918807
Gampaha,1,7.0913088,79.9919364
Gampaha,1,7.0914603,79.992044
Gampaha,1,7.0915936,79.9921328
Gampaha,1,7.0917388,79.9922215
Daraluwa,17,7.1062822,80.0097896
Daraluwa,17,7.1058739,80.0094501
Daraluwa,17,7.1058739,80.0094501
Daraluwa,17,7.1058693,80.0094458
Daraluwa,17,7.1050845,80.0087101
Daraluwa,17,7.1048248,80.0084053
Daraluwa,17,7.1044647,80.0079826
Daraluwa,17,7.1042744,80.0077239
Daraluwa,17,7.1041336,80.0075097
Daraluwa,17,7.103913,80.0071701
Daraluwa,17,7.1037757,80.0069346
Daraluwa,17,7.1036646,80.0067216
Daraluwa,17,7.1035087,80.0064026
Daraluwa,17,7.1034002,80.0061509
Daraluwa,17,7.1033615,80.0060582
Daraluwa,17,7.1032578,80.0058094
Daraluwa,17,7.1099228,80.0123887
Daraluwa,17,7.1096794,80.012243
Daraluwa,17,7.1094062,80.0120689
Daraluwa,17,7.1089849,80.0118117
Bemmulla,1,7.123147,80.0208553
Bemmulla,1,7.1239573,80.0214216
Bemmulla,1,7.124881,80.0220554
Bemmulla,1,7.1248441,80.0221147
Bemmulla,1,7.1239016,80.0214467
Veyangoda,29,7.1487381,80.0557336
Veyangoda,29,7.1495754,80.0564855
Veyangoda,29,7.1504765,80.0571363
Veyangoda,29,7.1541564,80.0593904
Veyangoda,29,7.1551069,80.0599473
Veyangoda,29,7.1559694,80.0605138
Veyangoda,29,7.1565453,80.0608599
Veyangoda,29,7.1541288,80.0593357
Veyangoda,29,7.1539591,80.0595177
Veyangoda,29,7.1529027,80.0590071
Veyangoda,29,7.1507092,80.0573939
Veyangoda,29,7.1508143,80.0572282
Veyangoda,29,7.1525389,80.0582955
Veyangoda,29,7.1526521,80.0581516
Veyangoda,29,7.1532665,80.0585291
Veyangoda,29,7.1531776,80.0587002
Veyangoda,29,7.1541288,80.0593357
Veyangoda,29,7.1567536,80.0610422
Veyangoda,29,7.1555264,80.0603107
Veyangoda,29,7.1549476,80.0599189
Keenawala,19,7.181055,80.0701527
Keenawala,19,7.1815261,80.0702324
Keenawala,19,7.1819786,80.0703739
Keenawala,19,7.1823079,80.0705046
Keenawala,19,7.1825085,80.0706142
Keenawala,19,7.1827038,80.0707427
Keenawala,19,7.1828914,80.0708667
Keenawala,19,7.183087,80.0710176
Keenawala,19,7.1833072,80.0712136
Keenawala,19,7.1834728,80.0714056
Keenawala,19,7.1836654,80.0716481
Keenawala,19,7.1837893,80.0718242
Keenawala,19,7.18387,80.071952
Keenawala,19,7.1845466,80.0730601
Keenawala,19,7.185214,80.0740874
Keenawala,19,7.1860387,80.0756301
Keenawala,19,7.1879089,80.079922
Keenawala,19,7.1875804,80.0792979
Keenawala,19,7.1871821,80.078386
Keenawala,19,7.1866937,80.0772361
Pallewala,1,7.1944878,80.0866759
Pallewala,1,7.197737,80.0893396
Pallewala,1,7.19791,80.0894756
Pallewala,1,7.1982159,80.0897136
Pallewala,1,7.1991013,80.0904069
Ganegoda,28,7.2111708,80.1029987
Ganegoda,28,7.2115866,80.1035603
Ganegoda,28,7.2118323,80.1038602
Ganegoda,28,7.2121545,80.1042629
Ganegoda,28,7.2127385,80.10485
Ganegoda,28,7.21302,80.1051152
Ganegoda,28,7.2158044,80.1073346
Ganegoda,28,7.2137485,80.1058621
Ganegoda,28,7.2132324,80.105418
Ganegoda,28,7.2128749,80.1051059
Ganegoda,28,7.2124822,80.1047126
Ganegoda,28,7.2121019,80.1043038
Ganegoda,28,7.2119233,80.1040782
Ganegoda,28,7.211596,80.103662
Ganegoda,28,7.2106142,80.1022968
Ganegoda,28,7.2164608,80.1078254
Ganegoda,28,7.2158044,80.1073346
Ganegoda,28,7.2158044,80.1073346
Ganegoda,28,7.2154752,80.1070948
Ganegoda,28,7.2151111,80.106819
Wijayarajadahana,1,7.234731,80.1209746
Wijayarajadahana,1,7.2344024,80.1207642
Wijayarajadahana,1,7.2302835,80.1181263
Wijayarajadahana,1,7.2299697,80.1179164
Botale,22,7.2573841,80.1587406
Botale,22,7.2569693,80.1579831
Botale,22,7.256395,80.156282
Botale,22,7.256254,80.155561
Botale,22,7.2562339,80.1547822
Botale,22,7.2564101,80.153936
Botale,22,7.2567498,80.1532119
Botale,22,7.2571556,80.1524837
Botale,22,7.2572056,80.152309
Botale,22,7.2573796,80.151702
Botale,22,7.2574579,80.151001
Botale,22,7.2573841,80.1502479
Botale,22,7.2572709,80.1498033
Botale,22,7.2571029,80.1493523
Botale,22,7.2566391,80.1485341
Botale,22,7.2561157,80.1476383
Botale,22,7.2561157,80.1476383
Botale,22,7.2557657,80.1470394
Alawwa,21,7.2966064,80.2431218
Alawwa,21,7.2947842,80.2406604
Alawwa,21,7.2938087,80.2393427
Alawwa,21,7.2935408,80.238991
Alawwa,21,7.2933377,80.2387243
Alawwa,21,7.2928761,80.238132
Alawwa,21,7.2924885,80.2376755
Alawwa,21,7.2903924,80.2355592
Alawwa,21,7.2899242,80.2350713
Alawwa,21,7.289477,80.2344813
Alawwa,21,7.2960943,80.2423736
Alawwa,21,7.2958601,80.2420565
Alawwa,21,7.2957281,80.2418792
Alawwa,21,7.2953593,80.24138
Alawwa,21,7.2950159,80.2409214
Alawwa,21,7.2947842,80.2406604
Alawwa,21,7.2922913,80.237429
Alawwa,21,7.2925121,80.2376597
Alawwa,21,7.2926659,80.2378383
Alawwa,21,7.2928791,80.2380909
Tismalpola,13,7.3227871,80.3369316
Tismalpola,13,7.3220527,80.3383413
Tismalpola,13,7.3218473,80.3387719
Tismalpola,13,7.3216122,80.3394471
Tismalpola,13,7.3214936,80.3400241
Tismalpola,13,7.3214511,80.3405641
Tismalpola,13,7.3214605,80.3409869
Tismalpola,13,7.3218137,80.3451368
Tismalpola,13,7.3218347,80.345622
Tismalpola,13,7.3218145,80.3460189
Tismalpola,13,7.3217469,80.3464401
Tismalpola,13,7.3216325,80.3468156
Tismalpola,13,7.3214649,80.3472313
Tismalpola,13,7.3212654,80.3476176
Tismalpola,13,7.3210392,80.3479367
Tismalpola,13,7.3207546,80.3482452
Tismalpola,13,7.3205312,80.3484544
Tismalpola,13,7.32018,80.3487253
Tismalpola,13,7.3198873,80.3489453
Tismalpola,13,7.3198501,80.3489184
Yatagama,1,7.318547,80.3627112
Yatagama,1,7.318613,80.3633554
Yatagama,1,7.318625,80.363725
Yatagama,1,7.3186184,80.3641078
Yatagama,1,7.3185918,80.3646174
Rambukkana,30,7.3218374,80.3929523
Rambukkana,30,7.3217655,80.3927001
Rambukkana,30,7.3215979,80.3921744
Rambukkana,30,7.3208078,80.3897256
Rambukkana,30,7.3205099,80.3888565
Rambukkana,30,7.3204008,80.3884891
Rambukkana,30,7.3202944,80.3880894
Rambukkana,30,7.3202545,80.3879178
Rambukkana,30,7.32018,80.387392
Rambukkana,30,7.3201733,80.3868583
Rambukkana,30,7.3218685,80.3929263
Rambukkana,30,7.3220431,80.3933016
Rambukkana,30,7.3227579,80.3953984
Rambukkana,30,7.3227978,80.3955325
Rambukkana,30,7.3228723,80.395841
Rambukkana,30,7.3213399,80.3903237
Rambukkana,30,7.3216219,80.3912276
Rambukkana,30,7.3216804,80.3914422
Rambukkana,30,7.3217084,80.3917882
Rambukkana,30,7.3212654,80.3903492
Kadigamuwa,1,7.3217101,80.4286492
Kadigamuwa,1,7.3210734,80.429139
Kadigamuwa,1,7.3205165,80.4297506
Kadigamuwa,1,7.3200028,80.4303922
Kadigamuwa,1,7.3197304,80.4308905
Ihalakotte,1,7.2904832,80.4638314
Ihalakotte,1,7.2899544,80.4654809
Ihalakotte,1,7.2896905,80.4663485
Ihalakotte,1,7.2896905,80.4663485
Ihalakotte,1,7.2894882,80.4667878
Kadugannawa,1,7.2564776,80.5147024
Kadugannawa,1,7.2565228,80.5148693
Kadugannawa,1,7.2565408,80.5151878
Kadugannawa,1,7.2565448,80.5155828
Kadugannawa,1,7.2566017,80.5159876
Peradeniya,1,7.2584568,80.59289
Peradeniya,1,7.2586414,80.5934004
Peradeniya,1,7.2587136,80.5936559
Peradeniya,1,7.2554301,80.5874377
Peradeniya,1,7.2555298,80.5880816
Koshinna,16,7.2396084,80.5940538
Koshinna,16,7.2389911,80.5942215
Koshinna,16,7.238423,80.594373
Koshinna,16,7.2379198,80.5944889
Koshinna,16,7.2370554,80.594601
Koshinna,16,7.236293,80.5946533
Koshinna,16,7.2355318,80.5947108
Koshinna,16,7.2349653,80.5947861
Koshinna,16,7.2344019,80.5948938
Koshinna,16,7.2338051,80.5950315
Koshinna,16,7.2335885,80.5950939
Koshinna,16,7.2334084,80.5951406
Koshinna,16,7.2314779,80.5956687
Koshinna,16,7.2306919,80.5958938
Koshinna,16,7.2299237,80.5960606
Koshinna,16,7.2292311,80.596209
Koshinna,16,7.2285033,80.5963189
Gampola,1,7.1621743,80.5657422
Gampola,1,7.1622181,80.564685
Gampola,1,7.1622027,80.5644183
Gampola,1,7.1621748,80.5639898
Gampola,1,7.1621246,80.5636483
Nawalapitiya,1,7.0630208,80.5377942
Nawalapitiya,1,7.0627025,80.5376804
Nawalapitiya,1,7.0622956,80.5375969
Nawalapitiya,1,7.062046,80.537558
Nawalapitiya,1,7.0618484,80.5375191
Inguruoya,1,7.0237463,80.5428937
Inguruoya,1,7.0235515,80.5430934
Inguruoya,1,7.0232533,80.5432905
Inguruoya,1,7.022661,80.5435547
Inguruoya,1,7.0224268,80.5437438
Watawala,1,6.967384,80.5235818
Watawala,1,6.9671896,80.5236989
Watawala,1,6.9669773,80.5239062
Watawala,1,6.9666439,80.5245222
Watawala,1,6.9665001,80.5247222
Hatton,1,6.8979817,80.5940289
Hatton,1,6.8978229,80.5942554
Hatton,1,6.8976827,80.5944256
Hatton,1,6.8974426,80.5946586
Hatton,1,6.8972222,80.5948414
Kotagala,1,6.9218667,80.6053946
Kotagala,1,6.922551,80.6057017
Kotagala,1,6.9232473,80.6059779
Kotagala,1,6.9238678,80.6061997
Kotagala,1,6.9242138,80.6063468
Talawakele,1,6.9424645,80.6571444
Talawakele,1,6.9424744,80.6577873
Talawakele,1,6.9424884,80.6582254
Talawakele,1,6.9424688,80.6587426
Talawakele,1,6.9424423,80.6588865
watagoda,1,6.9663378,80.6585309
watagoda,1,6.9663354,80.6583132
watagoda,1,6.9662968,80.6580705
watagoda,1,6.9662102,80.6578023
watagoda,1,6.9660838,80.6575166
Radella,1,6.944974,80.7216495
Radella,1,6.9449568,80.7218115
Radella,1,6.9449244,80.7219589
Radella,1,6.9448555,80.7221608
Radella,1,6.944737,80.7224756
Perakumpura,1,6.9218656,80.7479227
Perakumpura,1,6.921718,80.7481936
Perakumpura,1,6.9214967,80.748401
Perakumpura,1,6.9212595,80.7485259
Perakumpura,1,6.9204651,80.7486677
Ambewela,1,6.878848,80.8083102
Ambewela,1,6.8788342,80.8086839
Ambewela,1,6.8789254,80.8093118
Ambewela,1,6.8788392,80.8100915
Ambewela,1,6.8789165,80.8109512
Pattipola,1,6.8588398,80.829184
Pattipola,1,6.8586488,80.8292242
Pattipola,1,6.8585038,80.8292631
Pattipola,1,6.8583855,80.8293038
Pattipola,1,6.8582502,80.8293596
Ohiya,1,6.8198493,80.8381458
Ohiya,1,6.8194242,80.8387983
Ohiya,1,6.819273,80.8393297
Ohiya,1,6.8192797,80.8399155
Ohiya,1,6.8194927,80.8405172
Haputale,1,6.7666499,80.9518321
Haputale,1,6.7665809,80.9521476
Haputale,1,6.7665375,80.9526271
Haputale,1,6.7666068,80.9530195
Haputale,1,6.7668128,80.9535014
Bandarawela,1,6.8290181,80.9875618
Bandarawela,1,6.8290889,80.9877246
Bandarawela,1,6.8292444,80.988066
Bandarawela,1,6.8292973,80.9882209
Bandarawela,1,6.8293164,80.9883536
Kinigama,1,6.8286945,80.9999191
Kinigama,1,6.8286833,81.000097
Kinigama,1,6.8286587,81.0002225
Kinigama,1,6.8286111,81.0003598
Kinigama,1,6.8283155,81.0008577
Demodara,1,6.9022639,81.0625877
Demodara,1,6.9024712,81.0626985
Demodara,1,6.9027033,81.0628004
Demodara,1,6.9035869,81.063138
Demodara,1,6.9035869,81.063138
Uduwara,1,6.9272259,81.0499773
Uduwara,1,6.9273472,81.0498961
Uduwara,1,6.9274875,81.0498381
Uduwara,1,6.9276565,81.0497886
Uduwara,1,6.9281339,81.0497125
Badulla,1,6.9832924,81.0543765
Badulla,1,6.9830832,81.0544678
Badulla,1,6.9829316,81.0545611
Badulla,1,6.9827959,81.0546551
Badulla,1,6.9826483,81.0547913
Kandy,16,7.2893532,80.6317592
Kandy,16,7.2893927,80.631809
Kandy,16,7.2894807,80.631898
Kandy,16,7.2897966,80.6321947
Kandy,16,7.2899642,80.632347
Kandy,16,7.2901814,80.6325913
Kandy,16,7.2878542,80.6295374
Kandy,16,7.2879806,80.6296921
Kandy,16,7.2893596,80.6315449
Kandy,16,7.2876304,80.6293382
Kandy,16,7.2880724,80.6298758
Kandy,16,7.2893238,80.6315739
Kandy,16,7.288626,80.6315136
Kandy,16,7.288734,80.6316204
Kandy,16,7.2887876,80.6316779
Kandy,16,7.2890605,80.6320404
Kandy,16,7.2874401,80.6291638
Kandy,16,7.2879511,80.6297842
Kandy,16,7.2881138,80.6299908
Kandy,16,7.289291,80.6316105
Katugastota,18,7.3260813,80.6330566
Katugastota,18,7.3278132,80.6323044
Katugastota,18,7.3298765,80.6325885
Katugastota,18,7.3300237,80.6327378
Katugastota,18,7.3301936,80.6329369
Katugastota,18,7.3287248,80.632196
Katugastota,18,7.3289403,80.6322094
Katugastota,18,7.3291103,80.63224
Katugastota,18,7.3293391,80.6322918
Katugastota,18,7.3295375,80.6323396
Katugastota,18,7.32968,80.6324028
Katugastota,18,7.3299344,80.6325463
Katugastota,18,7.3299686,80.6325674
Katugastota,18,7.3294996,80.6323625
Katugastota,18,7.3296657,80.6324611
Katugastota,18,7.3298765,80.6325885
Katugastota,18,7.330037,80.6327139
Katugastota,18,7.3301585,80.6328345
Katugastota,18,7.3302544,80.6329513
Katugastota,18,7.3304129,80.633203
Wattegama,16,7.3459617,80.6788579
Wattegama,16,7.3463561,80.6791221
Wattegama,16,7.3467553,80.6793096
Wattegama,16,7.3476824,80.6795925
Wattegama,16,7.3480852,80.6798064
Wattegama,16,7.3483864,80.6800392
Wattegama,16,7.3490496,80.6807303
Wattegama,16,7.3492922,80.6809984
Wattegama,16,7.3494532,80.6811661
Wattegama,16,7.3497992,80.6815268
Wattegama,16,7.3504239,80.682193
Wattegama,16,7.3506962,80.6824572
Wattegama,16,7.3509494,80.6826115
Wattegama,16,7.3512043,80.6827214
Wattegama,16,7.3514564,80.6828058
Wattegama,16,7.3517245,80.6828267
Wattegama,16,7.3519513,80.6828097
Wattegama,16,7.35226,80.6827683
Wattegama,16,7.3525696,80.6826787
Wattegama,16,7.3528116,80.6825644
Ukuwela,1,7.4155885,80.637954
Ukuwela,1,7.416649,80.6370876
Ukuwela,1,7.4171673,80.6366568
Ukuwela,1,7.4176497,80.6363134
Ukuwela,1,7.417713,80.6362683
Matale,11,7.4696555,80.6251252
Matale,11,7.4689432,80.6250681
Matale,11,7.4687174,80.6250439
Matale,11,7.4682467,80.6249918
Matale,11,7.4696989,80.6255684
Matale,11,7.4692385,80.6253802
Matale,11,7.4689937,80.6252834
Matale,11,7.4687027,80.6251914
Matale,11,7.4684346,80.6251208
Matale,11,7.468165,80.6250653
Matale,11,7.4696533,80.6251687
Matale,11,7.4690914,80.6251132
Matale,11,7.4687051,80.6250749
Matale,11,7.468165,80.6250653
Matale,11,7.4683947,80.6250797
Matale,11,7.4687051,80.6250749
Matale,11,7.4687051,80.6250749
Matale,11,7.4685162,80.62505
Matale,11,7.4682467,80.6249918
Matale,11,7.468165,80.6250653
Peralanda,1,7.0417967,79.9080457
Peralanda,1,7.0410119,79.9087801
Peralanda,1,7.0397067,79.9099833
Peralanda,1,7.0393363,79.9103268
Peralanda,1,7.0389766,79.9107502
Kandana,17,7.055226,79.899973
Kandana,17,7.0548874,79.9000335
Kandana,17,7.0544591,79.9001002
Kandana,17,7.0530827,79.9000806
Kandana,17,7.052619,79.9000713
Kandana,17,7.0525536,79.90007
Kandana,17,7.0525072,79.9000757
Kandana,17,7.0523449,79.9000955
Kandana,17,7.0520127,79.900136
Kandana,17,7.0515167,79.9002644
Kandana,17,7.0510516,79.9004866
Kandana,17,7.0487627,79.9019684
Kandana,17,7.0473085,79.9029955
Kandana,17,7.0443203,79.904939
Kandana,17,7.0443362,79.9049926
Kandana,17,7.0452016,79.9044333
Kandana,17,7.0473203,79.9030641
Kandana,17,7.0487795,79.9020049
Kandana,17,7.051055,79.9005352
Kandana,17,7.0515235,79.9003234
Ja-Ela,16,7.0830988,79.8930438
Ja-Ela,16,7.0814617,79.8925823
Ja-Ela,16,7.0812202,79.8924867
Ja-Ela,16,7.0804022,79.8922791
Ja-Ela,16,7.0804022,79.8922791
Ja-Ela,16,7.0800644,79.8921788
Ja-Ela,16,7.0800644,79.8921788
Ja-Ela,16,7.079876,79.8921281
Ja-Ela,16,7.0792329,79.8919568
Ja-Ela,16,7.0788584,79.8919274
Ja-Ela,16,7.0785467,79.8919268
Ja-Ela,16,7.0781161,79.8919782
Ja-Ela,16,7.0772285,79.892218
Ja-Ela,16,7.0717549,79.893681
Ja-Ela,16,7.0803833,79.8923456
Ja-Ela,16,7.0812172,79.8925226
Ja-Ela,16,7.0832817,79.8931581
Ja-Ela,16,7.080059,79.8922561
Ja-Ela,16,7.0803833,79.8923456
Ja-Ela,16,7.079876,79.8921281
Tudella,1,7.0954946,79.890695
Tudella,1,7.0947458,79.8907204
Tudella,1,7.0918355,79.8911487
Tudella,1,7.091654,79.8911835
Tudella,1,7.0914507,79.8912102
Kudahakapola,23,7.1094449,79.888319
Kudahakapola,23,7.1081946,79.8886108
Kudahakapola,23,7.1074667,79.8887847
Kudahakapola,23,7.1064176,79.8890354
Kudahakapola,23,7.1043309,79.8895557
Kudahakapola,23,7.1034016,79.8898818
Kudahakapola,23,7.1017393,79.890465
Kudahakapola,23,7.101276,79.8905707
Kudahakapola,23,7.100811,79.8906172
Kudahakapola,23,7.099657,79.8906291
Kudahakapola,23,7.0996702,79.8906674
Kudahakapola,23,7.1008105,79.8906617
Kudahakapola,23,7.1012891,79.8905965
Kudahakapola,23,7.1017936,79.8904857
Kudahakapola,23,7.1034044,79.8899263
Kudahakapola,23,7.1043445,79.8895911
Kudahakapola,23,7.1050285,79.8894167
Kudahakapola,23,7.105346,79.8893358
Kudahakapola,23,7.1064247,79.8890826
Kudahakapola,23,7.1074715,79.8888317
Seeduwa,14,7.1233104,79.8844907
Seeduwa,14,7.1239455,79.8842414
Seeduwa,14,7.1233104,79.8844907
Seeduwa,14,7.1318075,79.8816596
Seeduwa,14,7.1311192,79.8818402
Seeduwa,14,7.1302528,79.8820359
Seeduwa,14,7.1293876,79.8822633
Seeduwa,14,7.1265126,79.8832509
Seeduwa,14,7.1247547,79.8838981
Seeduwa,14,7.1239455,79.8842414
Seeduwa,14,7.1239675,79.884296
Seeduwa,14,7.124769,79.8839338
Seeduwa,14,7.1265363,79.8832829
Seeduwa,14,7.1271514,79.8830927
Seeduwa,14,7.128645,79.8826686
Seeduwa,14,7.1292253,79.8824683
Seeduwa,14,7.1301641,79.8821254
Seeduwa,14,7.1311192,79.8818402
Seeduwa,14,7.1233367,79.8845665
Seeduwa,14,7.1239675,79.884296
Liyanagemulla,1,7.1514769,79.8774499
Liyanagemulla,1,7.1498494,79.8779477
Liyanagemulla,1,7.1492194,79.8780887
Liyanagemulla,1,7.148566,79.8781828
Liyanagemulla,1,7.1480075,79.8782334
Katunayake,1,7.1728733,79.8693591
Katunayake,1,7.1716894,79.8699163
Katunayake,1,7.1700429,79.8707024
Katunayake,1,7.1689936,79.871212
Katunayake,1,7.1684721,79.8714778
Kurana,1,7.1965245,79.8590436
Kurana,1,7.1959938,79.8596338
Kurana,1,7.1951777,79.8601739
Kurana,1,7.1949333,79.8603071
Kurana,1,7.1920596,79.8616569
Negombo,7,7.2146496,79.8436763
Negombo,7,7.2145171,79.8436287
Negombo,7,7.2137793,79.8433637
Negombo,7,7.2121815,79.8428287
Negombo,7,7.2119789,79.8427405
Negombo,7,7.209138,79.8415041
Negombo,7,7.208452,79.8412246
Negombo,7,7.2077445,79.8410063
Negombo,7,7.2070601,79.8409371
Negombo,7,7.2061963,79.8410336
Negombo,7,7.2053193,79.8414113
Negombo,7,7.2044106,79.8419836
Negombo,7,7.2042017,79.8421164
kattuwa,1,7.244684,79.8479655
kattuwa,1,7.243311,79.8475364
kattuwa,1,7.2424915,79.8474304
kattuwa,1,7.2415403,79.8473643
kattuwa,1,7.2407068,79.8473906
Kochchikade,22,7.2694842,79.8593826
Kochchikade,22,7.2694842,79.8593826
Kochchikade,22,7.2686997,79.8591672
Kochchikade,22,7.2677854,79.8588906
Kochchikade,22,7.266727,79.8584025
Kochchikade,22,7.2651153,79.8576622
Kochchikade,22,7.2595715,79.855123
Lunuwila,11,7.3418826,79.8635817
Lunuwila,11,7.3441204,79.8633491
Lunuwila,11,7.3474313,79.862903
Lunuwila,11,7.3486814,79.862704
Lunuwila,11,7.3513904,79.8624005
Lunuwila,11,7.3521417,79.8622558
Nattandiya,14,7.4087704,79.8649126
Nattandiya,14,7.4095246,79.8653034
Nattandiya,14,7.4106729,79.8658311
Nattandiya,14,7.4110907,79.8660278
Nattandiya,14,7.4115234,79.8661608
Nattandiya,14,7.4120585,79.8662737
Nattandiya,14,7.4123229,79.8663039
Nattandiya,14,7.4130831,79.8663276
Nattandiya,14,7.4135967,79.8662566
Nattandiya,14,7.4141602,79.8661263
Nattandiya,14,7.4148628,79.8658339
Nattandiya,14,7.4153148,79.8655575
Nattandiya,14,7.4157335,79.8653697
Nattandiya,14,7.4160814,79.8650459
Nattandiya,14,7.4166292,79.8645664
Nattandiya,14,7.4174413,79.8636277
Nattandiya,14,7.4184132,79.8628409
Nattandiya,14,7.4188774,79.8625576
Walahapitiya,1,7.4344708,79.8594692
Walahapitiya,1,7.435414,79.8597014
Walahapitiya,1,7.435685,79.8597268
Walahapitiya,1,7.4365339,79.8597537
Walahapitiya,1,7.4373468,79.8596812
Kudawewa,12,7.4562467,79.855281
Kudawewa,12,7.4577171,79.8550738
Kudawewa,12,7.4589315,79.8547235
Kudawewa,12,7.4596845,79.854425
Kudawewa,12,7.4609453,79.8537864
Kudawewa,12,7.4619937,79.8531594
Kudawewa,12,7.4633222,79.8523708
Kudawewa,12,7.4653214,79.851222
Kudawewa,12,7.467089,79.8501692
Nelumpokuna,1,7.4719363,79.8469562
Nelumpokuna,1,7.472423,79.8466424
Nelumpokuna,1,7.472423,79.8466424
Nelumpokuna,1,7.4730032,79.8462581
Nelumpokuna,1,7.4741783,79.8456316
Madampe,29,7.49552,79.8416334
Madampe,29,7.4970242,79.8413911
Madampe,29,7.4978311,79.8412845
Madampe,29,7.5019572,79.8405014
Kakkapalliya,1,7.532751,79.8228083
Kakkapalliya,1,7.5341037,79.8220928
Sawarana,11,7.5580707,79.8090957
Sawarana,11,7.559113,79.8081519
Sawarana,11,7.5593572,79.8079381
Sawarana,11,7.5598179,79.8074478
Sawarana,11,7.5601171,79.8071243
Sawarana,11,7.5603821,79.8068162
Sawarana,11,7.5607059,79.8064078
Sawarana,11,7.5609734,79.8060528
Sawarana,11,7.5612321,79.8056543
Sawarana,11,7.5614676,79.805246
Sawarana,11,7.5617306,79.8047384
Sawarana,11,7.5620658,79.804009
Sawarana,11,7.5627888,79.8023774
Sawarana,11,7.5635742,79.8011787
Sawarana,11,7.5643776,79.8002442
Chilaw,1,7.5718652,79.7931387
Chilaw,1,7.5724279,79.7926044
Chilaw,1,7.5727006,79.7923707
Chilaw,1,7.5729739,79.7921586
Chilaw,1,7.5732808,79.7919511
Manuwangama,28,7.5986177,79.8230915
Manuwangama,28,7.5986627,79.8240482
Manuwangama,28,7.598818,79.8247309
Manuwangama,28,7.5991521,79.8254884
Manuwangama,28,7.5991569,79.8254994
Manuwangama,28,7.5992941,79.825813
Manuwangama,28,7.5998103,79.8265822
Manuwangama,28,7.6001161,79.8269326
Manuwangama,28,7.6005521,79.8273142
Manuwangama,28,7.6008903,79.8275358
Manuwangama,28,7.6013886,79.8278622
Manuwangama,28,7.6023083,79.8282217
Manuwangama,28,7.6028747,79.8284172
Manuwangama,28,7.6039365,79.8285485
Bangadeniya,1,7.6268008,79.8285631
Bangadeniya,1,7.6272658,79.828545
Bangadeniya,1,7.6277136,79.8285486
Bangadeniya,1,7.6291774,79.828552
Bangadeniya,1,7.6306347,79.8285548
Madurankuliya,22,7.897627,79.8194756
Madurankuliya,22,7.9017183,79.8205676
Madurankuliya,22,7.9049691,79.8214352
Palavi,13,7.9835792,79.832995
Palavi,13,7.9825772,79.8330203
Palavi,13,7.9804551,79.8327204
Palavi,13,7.9800186,79.8325794
Palavi,13,7.9794782,79.8324241
Palavi,13,7.9855168,79.833475
Palavi,13,7.985246,79.8333996
Palavi,13,7.982835,79.833056
Palavi,13,7.9825923,79.8330586
Palavi,13,7.9800186,79.8325794
Palavi,13,7.980376,79.8327488
Palavi,13,7.9825923,79.8330586
Palavi,13,7.9855168,79.833475
Palavi,13,7.9860887,79.8335693
Palavi,13,7.9864551,79.8336927
Palavi,13,7.9867175,79.8338343
Palavi,13,7.9869934,79.8340352
Palavi,13,7.9872196,79.834259
Palavi,13,7.9874683,79.8345559
Palavi,13,7.9875961,79.8348241
Puttalam,16,8.0247039,79.8387794
Puttalam,16,8.0211606,79.8372988
Puttalam,16,8.0204046,79.8368094
Puttalam,16,8.0176319,79.8362428
Puttalam,16,8.0187206,79.836359
Puttalam,16,8.0196881,79.836596
Puttalam,16,8.0204046,79.8368094
Puttalam,16,8.0239918,79.8383082
Puttalam,16,8.0247039,79.8387794
Puttalam,16,8.0265475,79.8396281
Puttalam,16,8.0268966,79.83971
Puttalam,16,8.0277269,79.8399962
Noor Nagar,1,8.0296844,79.8402529
Noor Nagar,1,8.0301728,79.8402563
Noor Nagar,1,8.0310773,79.8402433
Noor Nagar,1,8.0313905,79.8402356
Noor Nagar,1,8.0356356,79.8399106
Periyanagavillu,1,8.2265877,79.8667271
Periyanagavillu,1,8.2307063,79.8666946
Periyanagavillu,1,8.2309746,79.8666925
Periyanagavillu,1,8.2332641,79.866589
Periyanagavillu,1,8.2340674,79.8664833
Girambe,17,7.3588748,80.3030688
Girambe,17,7.3594888,80.3030147
Girambe,17,7.3628317,80.3030095
Girambe,17,7.3631446,80.3029929
Girambe,17,7.3636447,80.3028733
Girambe,17,7.3641015,80.3027189
Girambe,17,7.3645822,80.3024624
Girambe,17,7.3658839,80.3014594
Girambe,17,7.3663383,80.3012339
Girambe,17,7.3671918,80.30102
Girambe,17,7.3676191,80.3009862
Girambe,17,7.3680572,80.3010237
Nailiya,1,7.4499947,80.3586472
Nailiya,1,7.4500237,80.3586956
Nailiya,1,7.4511182,80.3605204
Nailiya,1,7.4514932,80.3612435
Nailiya,1,7.45224,80.3632814
Kurunegala,11,7.4739446,80.3698647
Kurunegala,11,7.4743811,80.3699785
Kurunegala,11,7.4745446,80.3700164
Kurunegala,11,7.4746835,80.3700646
Kurunegala,11,7.4749329,80.3701568
Kurunegala,11,7.47524,80.3703138
Kurunegala,11,7.4767218,80.3728778
Kurunegala,11,7.4767637,80.373163
Kurunegala,11,7.4768284,80.3736339
Kurunegala,11,7.4769816,80.3748798
Kurunegala,11,7.4770196,80.3751978
Kurunegala,11,7.4770838,80.3754674
Kurunegala,11,7.4770654,80.3751315
Kurunegala,11,7.4770441,80.3748727
Kurunegala,11,7.4769998,80.3745384
Kurunegala,11,7.4770506,80.3758819
Kurunegala,11,7.4770486,80.3757062
Kurunegala,11,7.4770471,80.3754936
Kurunegala,11,7.4770379,80.3753657
Kurunegala,11,7.4770196,80.3751978
Wellawa,1,7.5562507,80.3675345
Wellawa,1,7.5574671,80.3670237
Wellawa,1,7.559602,80.3662257
Wellawa,1,7.5608934,80.3656729
Wellawa,1,7.5612676,80.3653863
Ganewatte,1,7.6504316,80.3465432
Ganewatte,1,7.6515827,80.3475088
Ganewatte,1,7.6521515,80.3479434
Ganewatte,1,7.6527656,80.3482706
Ganewatte,1,7.6532999,80.3484878
Nagollagama,1,7.7508964,80.3200961
Nagollagama,1,7.7513312,80.3197229
Nagollagama,1,7.7519611,80.3189552
Nagollagama,1,7.7524038,80.318123
Nagollagama,1,7.7527536,80.3171766
Timbiriyagedara,1,7.7755619,80.299576
Timbiriyagedara,1,7.7763371,80.2993751
Timbiriyagedara,1,7.7773684,80.2992932
Timbiriyagedara,1,7.7781859,80.2992843
Timbiriyagedara,1,7.7789542,80.299178
Randenigama,1,7.8430838,80.2608872
Randenigama,1,7.8480592,80.2595337
Randenigama,1,7.8510231,80.2587199
Randenigama,1,7.8514139,80.2585481
Randenigama,1,7.8521485,80.2581102
Galgamuwa,1,8.0003145,80.2715203
Galgamuwa,1,8.0007424,80.2715204
Galgamuwa,1,8.001119,80.2715095
Galgamuwa,1,8.0031457,80.2714791
Galgamuwa,1,8.0038714,80.2714677
Senarathgama,1,8.082907,80.2784748
Senarathgama,1,8.0831182,80.2784024
Senarathgama,1,8.083292,80.2783497
Senarathgama,1,8.0835038,80.2782922
Senarathgama,1,8.0839241,80.2781885
Thambuttegama,1,8.1530789,80.3032777
Thambuttegama,1,8.1532546,80.3033319
Thambuttegama,1,8.1533402,80.3033544
Thambuttegama,1,8.1535015,80.303392
Thambuttegama,1,8.153597,80.3034183
Talawa,1,8.23291,80.3488086
Talawa,1,8.2326902,80.34863
Talawa,1,8.2326116,80.3485779
Talawa,1,8.2318617,80.3481723
Talawa,1,8.2311897,80.3478069
Srawasthipura,1,8.293237,80.3743325
Srawasthipura,1,8.2938023,80.3745032
Srawasthipura,1,8.2940965,80.3746008
Srawasthipura,1,8.2942624,80.3746603
Srawasthipura,1,8.2944241,80.3747274
Anuradhapura,1,8.3478975,80.4111913
Anuradhapura,1,8.3484681,80.411253
Anuradhapura,1,8.3487653,80.4112771
Anuradhapura,1,8.3417865,80.4108907
Anuradhapura,1,8.3420673,80.4108964
Mihintale Junction,1,8.3589117,80.4184175
Mihintale Junction,1,8.3590094,80.41847
Mihintale Junction,1,8.3590807,80.4185175
Mihintale Junction,1,8.3591812,80.4185904
Mihintale Junction,1,8.3592103,80.4186173
Saliyapura,1,8.3921304,80.4221329
Saliyapura,1,8.3921881,80.4221281
Saliyapura,1,8.3921881,80.4221281
Saliyapura,1,8.3949523,80.4220167
Saliyapura,1,8.3953831,80.4220732
Parasangahawewa,1,8.4436983,80.4319488
Parasangahawewa,1,8.4435402,80.4319999
Parasangahawewa,1,8.4472631,80.4308251
Parasangahawewa,1,8.4469601,80.4308957
Parasangahawewa,1,8.4453576,80.431413
Medawachchiya,1,8.5572086,80.4580429
Medawachchiya,1,8.5575696,80.4579372
Medawachchiya,1,8.5577739,80.4578462
Medawachchiya,1,8.5580788,80.4576898
Medawachchiya,1,8.5583142,80.4575463
Vavuniya,1,8.7487419,80.4923036
Vavuniya,1,8.7497196,80.4924661
Vavuniya,1,8.7504592,80.492624
Vavuniya,1,8.7540337,80.4936258
Vavuniya,1,8.7553467,80.4940212
Mihintale,1,8.3633007,80.5018344
Mihintale,1,8.3631453,80.5018314
Mihintale,1,8.3629859,80.5018142
Mihintale,1,8.3628416,80.5017834
Mihintale,1,8.362672,80.5017319
Kollupitiya,7,6.9171836,79.8464969
Kollupitiya,7,6.9168035,79.8465802
Kollupitiya,7,6.9150894,79.8471111
Kollupitiya,7,6.9131935,79.8475805
Kollupitiya,7,6.9115824,79.8480186
Kollupitiya,7,6.910196,79.8484153
Kollupitiya,7,6.91719,79.8465325
Kollupitiya,7,6.9168126,79.8466152
Kollupitiya,7,6.9150989,79.847146
Kollupitiya,7,6.9132023,79.8476156
Kollupitiya,7,6.9122285,79.8479842
Kollupitiya,7,6.9110285,79.8483281
Kollupitiya,7,6.9094158,79.8486608
Bambalapitiya,1,6.8978167,79.8518178
Bambalapitiya,1,6.895134,79.8524655
Bambalapitiya,1,6.8939424,79.8528142
Bambalapitiya,1,6.8932315,79.8530636
Bambalapitiya,1,6.8922356,79.8533627
Dehiwala,1,6.8564876,79.860732
Dehiwala,1,6.8541571,79.8613171
Dehiwala,1,6.8533222,79.8615398
Dehiwala,1,6.8529387,79.8616283
Dehiwala,1,6.8525772,79.8617025
Rathmalana,1,6.8201439,79.865106
Rathmalana,1,6.8175842,79.8659543
Rathmalana,1,6.8156032,79.866584
Rathmalana,1,6.8144126,79.8669474
Rathmalana,1,6.8129159,79.8674235
Angulana,8,6.804673,79.8707239
Angulana,8,6.8041923,79.8709654
Angulana,8,6.8038988,79.8710922
Angulana,8,6.8035158,79.8712456
Angulana,8,6.8031898,79.8713546
Angulana,8,6.802802,79.8714709
Angulana,8,6.8015604,79.8718298
Angulana,8,6.7988179,79.8725697
Angulana,8,6.7982676,79.8727418
Angulana,8,6.7977065,79.8729228
Angulana,8,6.7970059,79.873093
Angulana,8,6.7962974,79.8732296
Angulana,8,6.7948528,79.8735031
Angulana,8,6.7948528,79.8735031
Angulana,8,6.7947134,79.8735284
Angulana,8,6.7948595,79.8735387
Angulana,8,6.7947202,79.8735639
Angulana,8,6.8047027,79.8707588
Angulana,8,6.804234,79.8709982
Angulana,8,6.8039118,79.8711341
Lunawa,1,6.7866285,79.8754509
Lunawa,1,6.7843974,79.8760161
Lunawa,1,6.7818336,79.876665
Lunawa,1,6.7811494,79.8768489
Lunawa,1,6.7901747,79.8745127
Moratuwa,5,6.7789051,79.8776493
Moratuwa,5,6.7784193,79.8778386
Moratuwa,5,6.7779355,79.8780787
Moratuwa,5,6.7774947,79.8783574
Moratuwa,5,6.7771,79.8786572
Moratuwa,5,6.7767747,79.8789652
Moratuwa,5,6.7764415,79.8793232
Moratuwa,5,6.7760862,79.8797509
Moratuwa,5,6.7758091,79.8801631
Moratuwa,5,6.7755386,79.8805365
Moratuwa,5,6.7753547,79.8807522
Moratuwa,5,6.7751789,79.8809359
Moratuwa,5,6.774818,79.8812839
Moratuwa,5,6.7743618,79.881688
Moratuwa,5,6.7681521,79.8828666
Moratuwa,5,6.7686358,79.8828129
Moratuwa,5,6.7692755,79.8827759
Moratuwa,5,6.7697044,79.8827671
Moratuwa,5,6.7700747,79.8827595
Moratuwa,5,6.770831,79.8827407
Panadura,1,6.7155201,79.9034096
Panadura,1,6.7170158,79.9024146
Panadura,1,6.7170158,79.9024146
Panadura,1,6.7177137,79.9019572
Panadura,1,6.7155201,79.9034096
Wadduwa,1,6.6574754,79.9310055
Wadduwa,1,6.6579382,79.9308227
Wadduwa,1,6.6584643,79.9306121
Wadduwa,1,6.6597361,79.9300658
Wadduwa,1,6.6609606,79.9295218
Katukurunda,1,6.5539499,79.9655003
Katukurunda,1,6.554271,79.9654426
Katukurunda,1,6.554613,79.965408
Katukurunda,1,6.5550078,79.9654145
Katukurunda,1,6.5554118,79.965453
Maggona,33,6.4991907,79.9810622
Maggona,33,6.499335,79.981027
Maggona,33,6.4996929,79.9809276
Maggona,33,6.5006235,79.9806682
Maggona,33,6.5009699,79.9805751
Maggona,33,6.5012638,79.9805309
Maggona,33,6.5013344,79.9805282
Maggona,33,6.5014847,79.9805226
Maggona,33,6.5017641,79.9805388
Maggona,33,6.5019187,79.980559
Maggona,33,6.5020544,79.9805923
Maggona,33,6.5026781,79.9808073
Maggona,33,6.5037565,79.9811551
Maggona,33,6.5044241,79.9813162
Maggona,33,6.5048756,79.9814195
Maggona,33,6.5057567,79.9816143
Maggona,33,6.5066489,79.9818115
Maggona,33,6.5073774,79.981978
Maggona,33,6.5079562,79.9820952
Maggona,33,6.5083132,79.982175
Beruwala,1,6.4739126,79.984392
Beruwala,1,6.4740991,79.984337
Beruwala,1,6.4740991,79.984337
Beruwala,1,6.4750327,79.9840324
Beruwala,1,6.4752992,79.9839569
Hettimulla,19,6.4564919,79.9913316
Hettimulla,19,6.4566916,79.9912466
Hettimulla,19,6.4566916,79.9912466
Hettimulla,19,6.4580438,79.9906865
Hettimulla,19,6.4624426,79.9889069
Hettimulla,19,6.4528946,79.9927914
Hettimulla,19,6.4543128,79.9922176
Hettimulla,19,6.4554665,79.9917427
Hettimulla,19,6.4564919,79.9913316
Aluthgama,1,6.4319438,80.000337
Aluthgama,1,6.4312964,80.0003745
Aluthgama,1,6.4312918,80.000433
Aluthgama,1,6.4319479,80.0004436
Aluthgama,1,6.4322488,80.0004302
Bentota,20,6.4164458,79.9974809
Bentota,20,6.4167741,79.9974458
Bentota,20,6.4177081,79.9973052
Bentota,20,6.4182379,79.9972133
Bentota,20,6.4195896,79.996979
Bentota,20,6.4200359,79.9969016
Bentota,20,6.4201062,79.9968894
Bentota,20,6.4219277,79.9966341
Bentota,20,6.4221857,79.9966032
Bentota,20,6.4224195,79.996592
Bentota,20,6.4226521,79.9965884
Bentota,20,6.4229763,79.9966159
Bentota,20,6.4233438,79.9966917
Bentota,20,6.4237534,79.9968165
Bentota,20,6.4241087,79.996972
Bentota,20,6.4243926,79.9971258
Bentota,20,6.4246116,79.9972389
Bentota,20,6.4254737,79.997684
Bentota,20,6.425807,79.9978889
Bentota,20,6.4274057,79.9987163
Induruwa,1,6.3815736,80.0101412
Induruwa,1,6.3820344,80.0100307
Induruwa,1,6.3839441,80.009581
Induruwa,1,6.3850689,80.0092927
Induruwa,1,6.3856194,80.009176
kosgoda,1,6.3336011,80.0324475
kosgoda,1,6.3339487,80.0323275
kosgoda,1,6.3342705,80.0321876
kosgoda,1,6.3345939,80.0320137
kosgoda,1,6.3348771,80.0318338
Piyagama,13,6.324361,80.0347804
Piyagama,13,6.3253919,80.0345224
Piyagama,13,6.3260383,80.034359
Piyagama,13,6.3274076,80.0340309
Piyagama,13,6.3277258,80.033954
Piyagama,13,6.3287997,80.0336793
Piyagama,13,6.3305778,80.033218
Piyagama,13,6.3319226,80.0328885
Piyagama,13,6.3325366,80.0327428
Piyagama,13,6.3336011,80.0324475
Piyagama,13,6.3339487,80.0323275
Piyagama,13,6.3342705,80.0321876
Piyagama,13,6.3345939,80.0320137
Piyagama,13,6.3348771,80.0318338
Andadola,19,6.2694283,80.0446483
Andadola,19,6.2690688,80.0449219
Andadola,19,6.2694283,80.0446483
Andadola,19,6.2609449,80.0501315
Andadola,19,6.2611916,80.0499345
Andadola,19,6.2614689,80.0497709
Andadola,19,6.261809,80.0496215
Andadola,19,6.2623827,80.0493936
Andadola,19,6.26286,80.0492179
Andadola,19,6.2633526,80.0490199
Andadola,19,6.2636656,80.0488349
Andadola,19,6.2642164,80.0484647
Andadola,19,6.264863,80.0480114
Andadola,19,6.2653557,80.0476438
Andadola,19,6.265995,80.0471308
Andadola,19,6.2675212,80.0460574
Andadola,19,6.2690688,80.0449219
Kandegoda,1,6.2445357,80.0543522
Kandegoda,1,6.2451944,80.0541988
Kandegoda,1,6.245403,80.0541477
Kandegoda,1,6.2464246,80.0538975
Kandegoda,1,6.247602,80.0535948
Ambalangoda,26,6.2291756,80.0544697
Ambalangoda,26,6.229517,80.054373
Ambalangoda,26,6.2298201,80.0543293
Ambalangoda,26,6.229991,80.0543141
Ambalangoda,26,6.2303787,80.0542837
Ambalangoda,26,6.2306859,80.0542808
Ambalangoda,26,6.2310053,80.0543199
Ambalangoda,26,6.2312942,80.0543988
Ambalangoda,26,6.2321528,80.0547031
Ambalangoda,26,6.2327695,80.0548982
Ambalangoda,26,6.2331259,80.0550026
Ambalangoda,26,6.233413,80.0550495
Ambalangoda,26,6.2337156,80.0550696
Ambalangoda,26,6.2338985,80.0550715
Ambalangoda,26,6.2339742,80.0550699
Ambalangoda,26,6.2345089,80.0550589
Ambalangoda,26,6.2353149,80.0550417
Ambalangoda,26,6.2366579,80.0549999
Ambalangoda,26,6.2372365,80.0550012
Ambalangoda,26,6.2377618,80.0549865
Madampagama,1,6.2071377,80.0633603
Madampagama,1,6.2079154,80.0630364
Madampagama,1,6.2085562,80.062778
Madampagama,1,6.209,80.0625984
Madampagama,1,6.2105912,80.0619689
Akurala,34,6.1878405,80.0692129
Akurala,34,6.1892813,80.0676824
Akurala,34,6.1911737,80.0656722
Akurala,34,6.1914903,80.0653478
Akurala,34,6.1917552,80.0651101
Akurala,34,6.1921065,80.0648773
Akurala,34,6.1923076,80.0647685
Akurala,34,6.1925144,80.0646815
Akurala,34,6.1928609,80.0645713
Akurala,34,6.1931449,80.0645083
Akurala,34,6.1934075,80.0644801
Akurala,34,6.1936642,80.0644723
Akurala,34,6.1943235,80.0644654
Akurala,34,6.1949256,80.0644664
Akurala,34,6.1964714,80.0644654
Akurala,34,6.196934,80.064464
Akurala,34,6.1970527,80.0644627
Akurala,34,6.1979355,80.064472
Akurala,34,6.196934,80.064464
Akurala,34,6.1970527,80.0644627
Telwatte,12,6.1637467,80.0920896
Telwatte,12,6.1665599,80.0905726
Telwatte,12,6.167578,80.0900121
Telwatte,12,6.1683337,80.089574
Telwatte,12,6.1686687,80.0893496
Telwatte,12,6.1689513,80.0891095
Telwatte,12,6.1691433,80.0889326
Telwatte,12,6.169396,80.0886817
Telwatte,12,6.1694881,80.0885991
Telwatte,12,6.172636,80.0852753
Seenigama,1,6.1540217,80.0973908
Seenigama,1,6.1549038,80.0969151
Seenigama,1,6.1555282,80.0965549
Seenigama,1,6.1570872,80.0957386
Seenigama,1,6.1585792,80.0949123
Hikkaduwa,20,6.1481795,80.0998918
Hikkaduwa,20,6.1479002,80.0999018
Hikkaduwa,20,6.1481795,80.0998918
Hikkaduwa,20,6.1386277,80.1003542
Hikkaduwa,20,6.1387321,80.1003463
Hikkaduwa,20,6.1387321,80.1003463
Hikkaduwa,20,6.1393349,80.1003188
Hikkaduwa,20,6.1397571,80.100301
Hikkaduwa,20,6.1405722,80.1002457
Hikkaduwa,20,6.1414385,80.1001991
Hikkaduwa,20,6.1420637,80.1001719
Hikkaduwa,20,6.1428666,80.1001589
Hikkaduwa,20,6.1434432,80.1001329
Hikkaduwa,20,6.1441714,80.1000958
Hikkaduwa,20,6.1450167,80.1000493
Hikkaduwa,20,6.1467713,80.0999655
Hikkaduwa,20,6.1473281,80.0999376
Hikkaduwa,20,6.1479002,80.0999018
Hikkaduwa,20,6.1360068,80.1005478
Hikkaduwa,20,6.1363302,80.1004995
Thiranagama,1,6.1193595,80.1174457
Thiranagama,1,6.120382,80.1164511
Thiranagama,1,6.1206623,80.1161784
Thiranagama,1,6.121321,80.1155427
Thiranagama,1,6.1218891,80.114956
Kumarakanda,19,6.1071983,80.1268328
Kumarakanda,19,6.1076037,80.1267359
Kumarakanda,19,6.1093448,80.1262723
Kumarakanda,19,6.1098078,80.1261495
Kumarakanda,19,6.1101371,80.1260365
Kumarakanda,19,6.1104777,80.1258792
Kumarakanda,19,6.1107776,80.1257141
Kumarakanda,19,6.111016,80.1255447
Kumarakanda,19,6.1112504,80.1253413
Kumarakanda,19,6.1115786,80.1250225
Kumarakanda,19,6.1119534,80.1246555
Kumarakanda,19,6.1123469,80.1242679
Kumarakanda,19,6.1136223,80.123032
Kumarakanda,19,6.1147698,80.121913
Kumarakanda,19,6.1158751,80.1208132
Kumarakanda,19,6.1163539,80.1203666
Dodanduwa,1,6.0948992,80.1381041
Dodanduwa,1,6.0958167,80.1369561
Dodanduwa,1,6.0964212,80.1362022
Dodanduwa,1,6.0967942,80.1357397
Dodanduwa,1,6.0971262,80.13532
Rathgama,13,6.0893531,80.1447318
Rathgama,13,6.0896785,80.1444931
Rathgama,13,6.0899751,80.1442125
Rathgama,13,6.09092,80.1430595
Rathgama,13,6.0918346,80.1419067
Rathgama,13,6.0926696,80.1408574
Rathgama,13,6.0933353,80.1400164
Rathgama,13,6.0948992,80.1381041
Rathgama,13,6.0958167,80.1369561
Rathgama,13,6.0964212,80.1362022
Rathgama,13,6.0967942,80.1357397
Rathgama,13,6.0971262,80.13532
Rathgama,13,6.0967942,80.1357397
Rathgama,13,6.0971462,80.1353454
Boossa,1,6.0717172,80.1647861
Boossa,1,6.0722595,80.1640357
Boossa,1,6.0726498,80.1634301
Boossa,1,6.0728396,80.1630527
Boossa,1,6.0732311,80.1622557
Ginthota,12,6.0575986,80.1838834
Ginthota,12,6.0577953,80.1836312
Ginthota,12,6.0579605,80.1833931
Ginthota,12,6.0581127,80.1831243
Ginthota,12,6.058216,80.1829055
Ginthota,12,6.0582774,80.1827314
Ginthota,12,6.0583473,80.1824831
Ginthota,12,6.0583588,80.1824377
Ginthota,12,6.0584341,80.1821761
Ginthota,12,6.0585618,80.1818341
Ginthota,12,6.0587168,80.1814922
Ginthota,12,6.0589332,80.181138
Ginthota,12,6.0591636,80.180835
Ginthota,12,6.0595046,80.1804847
Ginthota,12,6.0601831,80.179911
Ginthota,12,6.0608932,80.1792993
Ginthota,12,6.0612254,80.1790058
Ginthota,12,6.0614163,80.1788051
Ginthota,12,6.0618145,80.1783416
Ginthota,12,6.0641855,80.1754593
Piyadigama,1,6.0538425,80.1950688
Piyadigama,1,6.0536804,80.1946243
Piyadigama,1,6.0535906,80.1943165
Piyadigama,1,6.0535351,80.1940342
Piyadigama,1,6.0534911,80.193714
Richmond Hill,14,6.0495222,80.2089768
Richmond Hill,14,6.0499823,80.2087702
Richmond Hill,14,6.0502717,80.2086066
Richmond Hill,14,6.0505727,80.2084198
Richmond Hill,14,6.0509158,80.2081735
Richmond Hill,14,6.0512772,80.2078784
Richmond Hill,14,6.0516186,80.2075696
Richmond Hill,14,6.0525115,80.2067729
Richmond Hill,14,6.0531378,80.2061747
Richmond Hill,14,6.0533977,80.2058292
Richmond Hill,14,6.0536153,80.2055197
Richmond Hill,14,6.0537218,80.2052431
Richmond Hill,14,6.0538018,80.2050195
Richmond Hill,14,6.0538956,80.2047937
Richmond Hill,14,6.0539391,80.2045082
Richmond Hill,14,6.0539892,80.2042223
Richmond Hill,14,6.0540378,80.203835
Richmond Hill,14,6.0540511,80.2034422
Richmond Hill,14,6.0540378,80.2026494
Richmond Hill,14,6.0540338,80.2022485
Galle,1,6.0407481,80.2154349
Galle,1,6.0405917,80.2152067
Galle,1,6.0404898,80.2150861
Galle,1,6.0403693,80.2149622
Galle,1,6.0402002,80.2148215
Katugoda,19,6.0342178,80.2390141
Katugoda,19,6.0344869,80.2387993
Katugoda,19,6.0349837,80.2383979
Katugoda,19,6.0353937,80.2380522
Katugoda,19,6.035808,80.237722
Katugoda,19,6.0361018,80.2374675
Katugoda,19,6.0364558,80.237204
Katugoda,19,6.0367303,80.2369878
Katugoda,19,6.0370127,80.2367708
Katugoda,19,6.0373902,80.2364495
Katugoda,19,6.0375386,80.2363389
Katugoda,19,6.0376723,80.2362248
Katugoda,19,6.0342178,80.2390141
Katugoda,19,6.0334363,80.239654
Katugoda,19,6.0327634,80.2402032
Katugoda,19,6.0323325,80.2405553
Katugoda,19,6.0322454,80.2406265
Katugoda,19,6.0320655,80.2407526
Katugoda,19,6.031278,80.2413838
Katugoda,19,6.031113,80.2415161
Unawatuna,1,6.0267903,80.2450181
Unawatuna,1,6.0265773,80.2451957
Unawatuna,1,6.0265773,80.2451957
Unawatuna,1,6.0264865,80.2452677
Unawatuna,1,6.0262158,80.2454823
Habaraduwa,1,5.9942939,80.3037449
Habaraduwa,1,5.9941419,80.3063152
Habaraduwa,1,5.9941229,80.3066555
Habaraduwa,1,5.9940796,80.307301
Habaraduwa,1,5.9940538,80.3077175
Koggala,17,5.9840503,80.3368067
Koggala,17,5.9842137,80.3364247
Koggala,17,5.9843597,80.3360505
Koggala,17,5.9843597,80.3360505
Koggala,17,5.9844885,80.3357595
Koggala,17,5.9845551,80.3355543
Koggala,17,5.986007,80.3316701
Koggala,17,5.9862794,80.3309797
Koggala,17,5.9863466,80.3308091
Koggala,17,5.9871081,80.328885
Koggala,17,5.9874708,80.3279355
Koggala,17,5.9878614,80.3270155
Koggala,17,5.9878614,80.3270155
Koggala,17,5.9845551,80.3355543
Koggala,17,5.9847656,80.335105
Koggala,17,5.9860914,80.3315645
Koggala,17,5.9862794,80.3309797
Koggala,17,5.9838454,80.3373434
Koggala,17,5.9839363,80.3370792
Koggala,17,5.9839977,80.3369451
Kathaluwa,1,5.9840503,80.3368067
Kathaluwa,1,5.9842137,80.3364247
Kathaluwa,1,5.9843597,80.3360505
Kathaluwa,1,5.9843597,80.3360505
Kathaluwa,1,5.9844885,80.3357595
Ahangama,22,5.9728976,80.3702108
Ahangama,22,5.9728135,80.3699088
Ahangama,22,5.9727428,80.3696594
Ahangama,22,5.9726498,80.3694422
Ahangama,22,5.9725322,80.3692348
Ahangama,22,5.9724122,80.3690248
Ahangama,22,5.9723215,80.3688392
Ahangama,22,5.9722433,80.3686521
Ahangama,22,5.9721326,80.3683746
Ahangama,22,5.9720684,80.3681337
Ahangama,22,5.9720156,80.3678999
Ahangama,22,5.971984,80.3676513
Ahangama,22,5.9719908,80.3673793
Ahangama,22,5.9720182,80.3670921
Ahangama,22,5.9720454,80.3669603
Ahangama,22,5.9720777,80.3668556
Ahangama,22,5.9721521,80.3666063
Ahangama,22,5.9722054,80.3664628
Ahangama,22,5.9722718,80.366311
Ahangama,22,5.9724762,80.365866
Midigama,1,5.9628499,80.3972925
Midigama,1,5.9627525,80.3968426
Midigama,1,5.9627243,80.3963931
Midigama,1,5.9627611,80.3960485
Midigama,1,5.9628364,80.3956899
Kumbalgama,12,5.9630731,80.4159907
Kumbalgama,12,5.962903,80.4157246
Kumbalgama,12,5.9628207,80.4155195
Kumbalgama,12,5.962744,80.4152599
Kumbalgama,12,5.9626935,80.414992
Kumbalgama,12,5.962674,80.41462
Kumbalgama,12,5.9626932,80.4142824
Kumbalgama,12,5.9627867,80.413884
Kumbalgama,12,5.9629054,80.4135868
Kumbalgama,12,5.963185,80.4130596
Kumbalgama,12,5.9633176,80.4127337
Kumbalgama,12,5.9633751,80.4125096
Kumbalgama,12,5.963424,80.4122615
Kumbalgama,12,5.9635087,80.4113822
Kumbalgama,12,5.9636481,80.4100375
Kumbalgama,12,5.9637786,80.4087432
Kumbalgama,12,5.963842,80.4083295
Kumbalgama,12,5.9639332,80.4080213
Kumbalgama,12,5.9640711,80.4076628
Kumbalgama,12,5.9641986,80.407393
weligama,1,5.9752842,80.4356745
weligama,1,5.9753652,80.4353578
weligama,1,5.9753618,80.4349096
weligama,1,5.9754111,80.4343499
weligama,1,5.9754612,80.4336739
Polwathumodara,12,5.9664939,80.4550938
Polwathumodara,12,5.9668343,80.4544327
Polwathumodara,12,5.9668343,80.4544327
Polwathumodara,12,5.9673059,80.453448
Polwathumodara,12,5.9678429,80.4523388
Polwathumodara,12,5.9615394,80.462276
Polwathumodara,12,5.9618378,80.4615853
Polwathumodara,12,5.9621532,80.4608266
Polwathumodara,12,5.9624661,80.4600028
Polwathumodara,12,5.9627933,80.4591474
Polwathumodara,12,5.9629118,80.4588571
Polwathumodara,12,5.9630463,80.4586006
Polwathumodara,12,5.9632106,80.4583525
Polwathumodara,12,5.9633998,80.4581313
Polwathumodara,12,5.9636492,80.4578952
Polwathumodara,12,5.9639131,80.4576892
Polwathumodara,12,5.9645666,80.457268
Polwathumodara,12,5.964988,80.4569993
Polwathumodara,12,5.9653287,80.4567661
Polwathumodara,12,5.96564,80.456493
Mirissa,1,5.9546987,80.4789447
Mirissa,1,5.9551561,80.4784632
Mirissa,1,5.9554627,80.4781285
Mirissa,1,5.9556475,80.4778871
Mirissa,1,5.9558121,80.4775867
Kamburugamuwa,23,5.9447213,80.5017748
Kamburugamuwa,23,5.9446346,80.5013967
Kamburugamuwa,23,5.9441594,80.499874
Kamburugamuwa,23,5.9439773,80.4993541
Kamburugamuwa,23,5.9437972,80.4987815
Kamburugamuwa,23,5.9435268,80.4979465
Kamburugamuwa,23,5.9434464,80.4976228
Kamburugamuwa,23,5.9433967,80.4972938
Kamburugamuwa,23,5.9433741,80.4968909
Kamburugamuwa,23,5.9433957,80.4965043
Kamburugamuwa,23,5.9434571,80.4960671
Kamburugamuwa,23,5.9436198,80.4951069
Kamburugamuwa,23,5.9436798,80.4947426
Kamburugamuwa,23,5.9436897,80.4946842
Kamburugamuwa,23,5.9438929,80.4930287
Kamburugamuwa,23,5.9439473,80.4925963
Kamburugamuwa,23,5.9440103,80.492212
Kamburugamuwa,23,5.9437972,80.4987815
Kamburugamuwa,23,5.9436918,80.4983805
Kamburugamuwa,23,5.9435787,80.4979405
Walgama,1,5.9458124,80.5189008
Walgama,1,5.9456603,80.5180787
Walgama,1,5.9455136,80.5173424
Walgama,1,5.9454549,80.5170433
Walgama,1,5.9453949,80.5167107
